{
  "comparison_table": [
    {
      "rank": 1,
      "model_name": "linear_combo",
      "success": false,
      "message": "The maximum number of function evaluations is exceeded.",
      "nfev": 20,
      "rss": 0.020329223410667962,
      "rmse": 0.001417327253162135,
      "aic": -132601.8037162219,
      "bic": -132052.91127656595,
      "n_observations": 10120,
      "n_parameters": 76,
      "baseline": 1.0001706155354757,
      "scale": 0.033011467661547354,
      "tau_d_ms": 0.24551598927103388,
      "alpha": 0.5970935742191911,
      "fitted_parameters": {
        "k1f": 4.319773572845298e-05,
        "k1r": 0.6047694576069649,
        "k2f": 15.443784704699224,
        "k2r": 1.4068310737288144e-06,
        "k3f": 0.2539045165630582,
        "k3r": 1.7257069534246452e-07,
        "k4f": 9.263891636049355e-07,
        "k4r": 18.486765503035755,
        "k5f": 64.17697874707167,
        "k5r": 3.312678973815367e-07,
        "k6f": 2.427379332028722e-07,
        "k6r": 9.087512070860365e-08,
        "k7f": 8.348024682386127e-06,
        "k7r": 1.7770366087810582e-07,
        "k8f": 3.166152055847667e-05,
        "k8r": 0.01922300576793392,
        "k9f": 2.587823580802442e-06,
        "k9r": 4.590807330658513e-06,
        "k10f": 1.989714116280377e-06,
        "k10r": 9.860869771519532e-06,
        "k11f": 1.3676754672164952e-05,
        "k11r": 1.9691439536964054e-05,
        "k12f": 1.6051204007320387e-06,
        "k12r": 8.846221566431976e-08,
        "k13f": 1.1813558571651721e-05,
        "k13r": 1.080065601374733e-06,
        "k14f": 49.62602593949314,
        "k14r": 6.02515570598611e-07,
        "k15f": 7.3668710128520694e-06,
        "k15r": 2.679136255317372e-07,
        "k16f": 7.998914693093541e-08,
        "k16r": 2.4037542529538247,
        "k17f": 70.36210890829118,
        "k17r": 1.1022984899411928e-08,
        "k18f": 2.821103876806813e-06,
        "k18r": 0.0077484310229588085,
        "k19f": 0.000488256443737831,
        "k19r": 1.3147728713171326e-06,
        "k20f": 14.068773948594108,
        "k20r": 7.283124902749977e-07,
        "k21f": 5.577239144044796e-06,
        "k21r": 1.003165269817906e-06,
        "k22f": 8.091935033313486e-07,
        "k22r": 8.893141556712359e-08,
        "k23f": 9.137685011670694e-07,
        "k23r": 63.07099774882398,
        "k24f": 7.980288715559624e-07,
        "k24r": 4.1113824460876004e-07,
        "k25f": 99.56642789190275,
        "k25r": 26.137030182811422,
        "k26f": 4.5618134531573176e-08,
        "k26r": 7.336005216503499e-07,
        "k27f": 1.6053496101475632e-05,
        "k27r": 2.9291066276137474e-07,
        "k28f": 8.355338771257394e-08,
        "k28r": 0.0007564568633573332,
        "k29f": 0.1496002612479954,
        "k29r": 0.00022658033476920394,
        "k30f": 1.602893049416777e-05,
        "k30r": 26.514637270711493,
        "k31f": 0.0036676969625217713,
        "k31r": 0.1928355450009865,
        "k32f": 41.26161871160006,
        "k32r": 8.3556523412626e-05,
        "k33f": 0.0006417188965783569,
        "k33r": 0.5350413820855261,
        "k34f": 82.99425393975591,
        "k34r": 7.650618267644498e-06,
        "k35f": 1.0312552339193684e-06,
        "k35r": 6.042660719431552e-05,
        "k36f": 17.62313200965268,
        "k36r": 1.3867479070556293e-05
      },
      "output_dir": "fcs_ode/fits_fcs_surface_debug/models/linear_combo",
      "delta_bic": NaN,
      "bic_weight": NaN,
      "bic_weight_percent": NaN,
      "delta_aic": NaN,
      "aic_weight": NaN,
      "aic_weight_percent": NaN
    }
  ],
  "failures": [],
  "sort_by": "bic"
}