rank,model,success,message,cost,nfev,status,optimality,rss,mse,rmse,n_observations,n_nonlinear_parameters,n_linear_parameters,n_total_parameters,degrees_of_freedom,aic,bic,parameter_k1f,parameter_k1r
1,irreversible,True,`gtol` termination condition is satisfied.,6.840374092684835e-08,6,1,4.3035808975738123e-10,1.368074818536967e-07,5.066943772359137e-09,6.164582572461296e-05,36.0,1.0,8.0,9.0,27.0,-679.9755628726788,-665.7238924265738,0.4000591964209716,
2,reversible,True,`xtol` termination condition is satisfied.,6.840308473553188e-08,17,3,2.3193257848433996e-08,1.3680616947106376e-07,5.261775748887068e-09,6.164553004230085e-05,36.0,2.0,8.0,10.0,26.0,-677.9759082192984,-662.1407188347373,0.24746304117137985,0.15259614929694543
