engine_name,n_timepoints,n_observables,n_repeats,solve_median_seconds,solve_mean_seconds,projection_batch_median_seconds,projection_batch_mean_seconds,full_projection_assembly_median_seconds,full_projection_assembly_mean_seconds,residual_vector_length,rss,projection_plus_assembly_over_solve_median,assembly_over_batch_projection_median,batch_projection_fraction_of_full_projection_assembly
reference,30,50,10,0.0006254520048969425,0.0006567229014763143,1.8945000192616135e-05,2.4103399482555687e-05,0.0007511469993914943,0.0007626870996318757,1500,0.005884857500528808,1.2009666505350205,39.64882511240385,0.02522142830626165
numba_projection,30,50,10,0.0005996965010126587,0.0005985162002616562,6.571499397978187e-06,0.004981699799827766,0.0007273359988175798,0.0007306708001124206,1500,0.005884857500528811,1.2128401576287116,110.68037212958657,0.00903502563967875
jax_projection,30,50,10,0.0005759250016126316,0.000594581200130051,0.00022968899793340825,0.009850996500608744,0.00097186350467382,0.001023423501465004,1500,0.005884857500528813,1.6874827485393618,4.231214874974482,0.2363387418385437
