parameter,n,mean,std,median,ci_lower,ci_upper,confidence_level
k1f,20,0.4000537507540162,2.0665092451278142e-05,0.4000551097093239,0.40001964328667516,0.4000902584615596,0.95
