bootstrap_index,k1f
0,0.4000415414737008
1,0.40007888410617176
2,0.40004233413543455
3,0.40005456554894553
4,0.40005891407879624
5,0.4000726814431187
6,0.4000267474382488
7,0.4000745646839011
8,0.4000234742445174
9,0.40006970271625875
10,0.40010054954500573
11,0.4000501485676047
12,0.40005287865477024
13,0.40006247609952644
14,0.4000574659674874
15,0.40006484186832086
16,0.40005565386970227
17,0.4000360057257862
18,0.4000354077310666
19,0.4000161771819608
