engine_name,benchmark,n_timepoints,n_repeats,min_seconds,mean_seconds,median_seconds,max_seconds
reference,single_species_projection,100,100,1.2333999620750546e-05,1.4690849202452227e-05,1.2742999388137832e-05,6.068299990147352e-05
jax_projection,single_species_projection,100,100,0.00016973599849734455,0.00019906346991774626,0.0001867755054263398,0.00032570699841016904
