engine_name,benchmark,n_timepoints,n_repeats,min_seconds,mean_seconds,median_seconds,max_seconds
reference,single_species_projection,100,100,1.1708005331456661e-05,1.3775179977528751e-05,1.2064003385603428e-05,5.114799569128081e-05
jax_projection,single_species_projection,100,100,0.0001628320023883134,0.0001855581700510811,0.00017304749781033024,0.00029612599610118195
