engine_name,benchmark,n_timepoints,n_repeats,min_seconds,mean_seconds,median_seconds,max_seconds
reference,single_species_projection,100,100,1.2477001291699708e-05,1.40286200621631e-05,1.2730502930935472e-05,4.9677997594699264e-05
jax_projection,single_species_projection,100,100,0.00017628799832891673,0.00019572695025999565,0.00018301499949302524,0.0003887109996867366
