engine_name,benchmark,n_timepoints,n_repeats,min_seconds,mean_seconds,median_seconds,max_seconds
reference,single_species_projection,100,100,1.2122996849939227e-05,1.4095259830355644e-05,1.2448996130842716e-05,5.234100535744801e-05
jax_projection,single_species_projection,100,100,0.00017011900490615517,0.00019495783002639654,0.0001773510011844337,0.0004955760014127009
