engine_name,benchmark,n_timepoints,n_repeats,min_seconds,mean_seconds,median_seconds,max_seconds
reference,single_species_projection,100,100,1.3436998415272683e-05,1.6547640407225116e-05,1.380050161969848e-05,5.679799505742267e-05
jax_projection,single_species_projection,100,100,0.00019025800429517403,0.00021418415031803305,0.00019979799981229007,0.00037274400528986007
