engine_name,benchmark,n_timepoints,n_repeats,min_seconds,mean_seconds,median_seconds,max_seconds
reference,single_species_projection,100,100,1.3313998351804912e-05,1.7064720013877375e-05,1.3696997484657913e-05,6.886899791425094e-05
numba_projection,single_species_projection,100,100,5.0340022426098585e-06,5.883000048925169e-06,5.192996468394995e-06,2.9426999390125275e-05
