engine_name,benchmark,n_timepoints,n_repeats,min_seconds,mean_seconds,median_seconds,max_seconds
reference,single_species_projection,100,1000,1.2395998055581003e-05,1.4768226988962852e-05,1.272900408366695e-05,0.00015207999967969954
numba_projection,single_species_projection,100,1000,4.793000698555261e-06,5.88941310707014e-06,4.903995431959629e-06,0.00018909299978986382
