engine_name,benchmark,n_timepoints,n_repeats,min_seconds,mean_seconds,median_seconds,max_seconds
reference,single_species_projection,100,100,1.2294993211980909e-05,1.4351700228871777e-05,1.2552500265883282e-05,4.6020999434404075e-05
jax_projection,single_species_projection,100,100,0.00017144999583251774,0.00020789578011317644,0.0002030234973062761,0.00036426400038180873
