{
  "model_name": "order3_step",
  "success": true,
  "message": "`ftol` termination condition is satisfied.",
  "nfev": 10,
  "rss": 0.041038785590022546,
  "rmse": 0.0020137566802852654,
  "aic": -125616.92691632711,
  "bic": -125515.81515112733,
  "n_observations": 10120,
  "n_parameters": 14,
  "baseline": 1.0001074178702907,
  "scale": 0.0310985185857435,
  "tau_d_ms": 0.23582197869721042,
  "alpha": 0.5799745441182262,
  "fitted_parameters": {
    "k1f": 1.0000119309792307e-08,
    "k1r": 11.90446259304385,
    "k2f": 3.078003380987523e-07,
    "k2r": 8.212218442231308,
    "k3f": 4.599517481638428e-07,
    "k3r": 8.660941679287085e-07,
    "k4f": 0.0031579336207697333,
    "k4r": 0.6061017956446355,
    "k5f": 44.5134657335075,
    "k5r": 4.987091511132477e-08
  },
  "output_dir": "fcs_ode/fits_fcs_surface_numba/models/order3_step"
}