{
  "model_name": "linear_combo",
  "success": true,
  "message": "`xtol` termination condition is satisfied.",
  "nfev": 18,
  "statistics": {
    "rss": 0.0355484777810684,
    "mse": 3.8944432275491236e-06,
    "rmse": 0.0018742186192949575,
    "n_observations": 10120.0,
    "n_nonlinear_parameters": 72.0,
    "n_linear_parameters": 920.0,
    "n_total_parameters": 992.0,
    "degrees_of_freedom": 9128.0,
    "aic": -125114.36408216112,
    "bic": -117949.8732908624
  },
  "fitted_parameters": {
    "k1f": 3.3919019347891486,
    "k1r": 0.08607535243808492,
    "k2f": 0.0880798365208302,
    "k2r": 0.02330645703435525,
    "k3f": 1.2732251252590152,
    "k3r": 0.034347768019846056,
    "k4f": 1.4570727382994095,
    "k4r": 0.09357877376608399,
    "k5f": 1.188159236877899,
    "k5r": 0.06860112775480195,
    "k6f": 0.6909205669557299,
    "k6r": 0.13951457621204702,
    "k7f": 0.4043456878535316,
    "k7r": 0.13483508523994908,
    "k8f": 0.340716584074425,
    "k8r": 0.10492105335531368,
    "k9f": 0.21585825244509435,
    "k9r": 0.13425730818918477,
    "k10f": 0.2223077362970176,
    "k10r": 0.18355620288532695,
    "k11f": 0.11789270488977864,
    "k11r": 0.15849062871856934,
    "k12f": 0.0676428570772125,
    "k12r": 3.3392705356714933,
    "k13f": 2.2118635324640437,
    "k13r": 0.06482772281795018,
    "k14f": 0.09414578439483884,
    "k14r": 0.0032075460959779217,
    "k15f": 1.217068793955397,
    "k15r": 0.39740032775388384,
    "k16f": 1.0178816177785501,
    "k16r": 0.2214241724156637,
    "k17f": 0.8045559633893328,
    "k17r": 0.09669177917173859,
    "k18f": 0.3051751020049597,
    "k18r": 0.16200015811947416,
    "k19f": 0.38973207361283646,
    "k19r": 0.1893161154545069,
    "k20f": 0.22517822054043093,
    "k20r": 0.1007401975543204,
    "k21f": 0.4829566364331858,
    "k21r": 0.1176823768432933,
    "k22f": 0.12019533742404868,
    "k22r": 0.16308886481092486,
    "k23f": 0.3317954583229578,
    "k23r": 0.23867321903467617,
    "k24f": 0.26515248933843205,
    "k24r": 0.09908257865824754,
    "k25f": 0.1855091964170546,
    "k25r": 0.16118812708637845,
    "k26f": 0.24632374689749112,
    "k26r": 0.03674557742466279,
    "k27f": 0.6573904725314266,
    "k27r": 0.12032912978111172,
    "k28f": 0.08111923138227353,
    "k28r": 0.06500723116991172,
    "k29f": 0.1260143961852961,
    "k29r": 0.09979154582907131,
    "k30f": 0.22533696089843155,
    "k30r": 0.1040021774028314,
    "k31f": 0.1495897675529727,
    "k31r": 0.11725560665500699,
    "k32f": 0.13491815384941425,
    "k32r": 0.09896482790996591,
    "k33f": 0.1281616795586352,
    "k33r": 0.06857062277279533,
    "k34f": 0.12150052576902935,
    "k34r": 0.04641110154094276,
    "k35f": 0.11939878814189733,
    "k35r": 0.10505059427833999,
    "k36f": 0.11382487316618303,
    "k36r": 0.15426059286042973
  }
}