engine_name,available,benchmark,n_repeats,max_nfev,min_seconds,mean_seconds,median_seconds,max_seconds,mean_k1f,median_k1f,mean_rss,median_rss,mean_nfev,warmup_success,warmup_k1f,warmup_rss
reference,True,single_species_variable_projection_fit,5,50,0.03628644399577752,0.03694514839880867,0.03704082000331255,0.03753122800117126,0.3999397641799024,0.3999397641799024,0.011367427085515545,0.011367427085515545,5.0,True,0.3999397641799024,0.011367427085515545
numba_projection,True,single_species_variable_projection_fit,5,50,0.03546177899988834,0.03707718439982273,0.03706356899783714,0.03866031899815425,0.39993986956960037,0.39993986956960037,0.01136742709090873,0.01136742709090873,5.0,True,0.39993986956960037,0.01136742709090873
jax_projection,True,single_species_variable_projection_fit,5,50,0.04544916500162799,0.04662700620101532,0.046599711997259874,0.04758032500103582,0.39993973785599646,0.39993973785599646,0.011367427085753383,0.011367427085753383,7.0,True,0.39993973785599646,0.011367427085753383
