{
  "model_name": "order2_step",
  "success": true,
  "message": "`xtol` termination condition is satisfied.",
  "nfev": 40,
  "rss": 0.03726230661902176,
  "rmse": 0.0019188658391349272,
  "aic": -126581.86455957343,
  "bic": -126437.41918071659,
  "n_observations": 10120,
  "n_parameters": 20,
  "baseline": 1.0001149542077787,
  "scale": 0.0327992440062294,
  "tau_d_ms": 0.2386978988527744,
  "alpha": 0.5839469338396175,
  "fitted_parameters": {
    "k1f": 0.0025278595706767332,
    "k1r": 0.9676772900391443,
    "k2f": 15.636530428684859,
    "k2r": 1.0538894721065271e-08,
    "k3f": 5.998407688667904,
    "k3r": 3.2539910737110158e-06,
    "k4f": 8.923566341378939,
    "k4r": 0.017975337661017506,
    "k5f": 55.09982404081624,
    "k5r": 0.00038778124149428336,
    "k6f": 0.28446409924364047,
    "k6r": 2.2516751456757625e-05,
    "k7f": 0.08400615981447902,
    "k7r": 0.0020149895959876755,
    "k8f": 1.989771159382486e-06,
    "k8r": 2.821113503506245e-08
  },
  "output_dir": "fcs_ode/fits_fcs_surface_numba/models/order2_step"
}