{
  "model_name": "linear_combo",
  "success": true,
  "message": "`xtol` termination condition is satisfied.",
  "nfev": 14,
  "statistics": {
    "rss": 877982413908273.2,
    "mse": 877982413908273.2,
    "rmse": 3647295.415385906,
    "n_observations": 66.0,
    "n_nonlinear_parameters": 72.0,
    "n_linear_parameters": 6.0,
    "n_total_parameters": 78.0,
    "degrees_of_freedom": 1.0,
    "aic": 2150.453533882881,
    "bic": 2321.2466037609424
  },
  "fitted_parameters": {
    "k1f": 4.206513666792668,
    "k1r": 0.06911444670828013,
    "k2f": 0.07065907141761281,
    "k2r": 0.0833840545691501,
    "k3f": 1.235730369931042,
    "k3r": 0.09489419528844735,
    "k4f": 1.0892008522732715,
    "k4r": 0.09153747659013714,
    "k5f": 1.0511288531599672,
    "k5r": 0.09852679725864784,
    "k6f": 0.7437398644056961,
    "k6r": 0.0974696882376928,
    "k7f": 0.4190403938773551,
    "k7r": 0.2454148016706413,
    "k8f": 0.2733502261632166,
    "k8r": 0.09884634730545888,
    "k9f": 0.3553942549922991,
    "k9r": 0.09977655048446275,
    "k10f": 0.14359463505612183,
    "k10r": 0.1881368156934604,
    "k11f": 0.13508697735463537,
    "k11r": 0.13481613748890658,
    "k12f": 0.0585460758337245,
    "k12r": 2.9709632286921126,
    "k13f": 1.9228046996440036,
    "k13r": 0.09337361824140412,
    "k14f": 0.09187204735032461,
    "k14r": 0.2302391963345618,
    "k15f": 1.2009656991688917,
    "k15r": 1.809103653684318,
    "k16f": 1.1401670860834048,
    "k16r": 0.09681383628069753,
    "k17f": 0.9235736816401446,
    "k17r": 0.09588262321641569,
    "k18f": 0.4272915848016283,
    "k18r": 0.09918065304088226,
    "k19f": 0.3894171915822922,
    "k19r": 1.2531642802760325,
    "k20f": 0.09963651072219627,
    "k20r": 0.2247600506937465,
    "k21f": 0.6665392099332861,
    "k21r": 0.30477301580300736,
    "k22f": 0.4276936876725765,
    "k22r": 0.10019423191972225,
    "k23f": 0.38375759289397243,
    "k23r": 0.48949799638855185,
    "k24f": 0.3572885870773861,
    "k24r": 0.09931907184874846,
    "k25f": 0.20370316607540875,
    "k25r": 0.27016161878220174,
    "k26f": 0.3082902516863814,
    "k26r": 0.09919507864307048,
    "k27f": 0.19680207452928386,
    "k27r": 0.13358809827088483,
    "k28f": 0.25198385679776386,
    "k28r": 0.09967884578633374,
    "k29f": 0.15225610052107708,
    "k29r": 0.13304240556685135,
    "k30f": 0.30573938979234166,
    "k30r": 0.09895835825376263,
    "k31f": 0.15209435986055012,
    "k31r": 0.21449875844550786,
    "k32f": 0.14338717836522472,
    "k32r": 0.2154218119260263,
    "k33f": 0.11922351695840243,
    "k33r": 0.206100603799794,
    "k34f": 0.27271600892757497,
    "k34r": 0.09966037287295067,
    "k35f": 0.13754604893498593,
    "k35r": 0.25354586183085165,
    "k36f": 0.22919810234848043,
    "k36r": 0.09976755437639685
  }
}