data_column,signal_column,scale,offset,rss
fcs_amplitude_proxy,fcs_amplitude_proxy,-0.004945841215479162,0.03330096727690979,0.0003080259368557259
fcs_auc_proxy,fcs_auc_proxy,-4132621.212464485,4462114.50577747,877967909492605.5
fcs_half_tau_proxy,fcs_half_tau_proxy,-12289.542163810067,62890.75036134422,14504415667.812334
