start_index,k1f
0,0.1
1,0.003826056445958452
2,4.500345682595963
3,1.021215244016452e-05
4,4.370651008559058
5,0.00015234217932118358
6,0.000918935740036619
7,0.622183023068148
