signal_column,offset,rss,coefficient_A,coefficient_B
A23_HN,0.7333970777966377,3.819423537507816e-08,1.3665920486585956,-0.6331949708619576
G45_HN,0.6333856052490884,1.7681299465993797e-08,1.0666243089497172,-0.4332387037006285
L78_HN,0.30002355823031446,2.1384603189088904e-08,0.549967188112583,-0.24994362988226854
V90_HN,1.1334396826979225,5.955346005132888e-08,2.0665584578796463,-0.9331187751817233
