time,A23_HN,G45_HN,L78_HN,V90_HN
0,2.0999891264552333,1.7000099141988056,0.8499907463428975,3.199998140577569
1,1.4406196114663188,1.2054752774862552,0.586244255868075,2.210944954923247
2,0.9986579690266255,0.8739990182471996,0.4094604806583322,1.5480032197425664
3,0.7024200093974319,0.6518171787544329,0.2909658878366796,1.103646768583437
4,0.503856480612657,0.5028922734627597,0.21154087248066758,0.8058018026956119
5,0.37076395726393285,0.4030713669949735,0.15830412867661936,0.6061632370469695
6,0.2815544096510561,0.3361631915074146,0.12262048761514513,0.4723490626704365
7,0.22175905843668942,0.2913159979115848,0.09870246642824845,0.3826561344086823
8,0.1816793776900557,0.26125578143657124,0.0826706740933334,0.3225366793514787
