time,A23_HN,G45_HN,L78_HN,V90_HN
0,1.0873544766809573e-05,-9.914198805693886e-06,9.253657102470392e-06,1.8594224311385688e-06
1,-1.9611466318680826e-05,2.472251374485701e-05,-4.425586807499382e-05,-4.495492324707584e-05
2,4.203097337451833e-05,9.817528003885911e-07,3.951934166779303e-05,9.678025743364849e-05
3,-2.0009397431852705e-05,-1.7178754432856103e-05,3.41121633203878e-05,-4.676858343710677e-05
4,-5.648061265695059e-05,7.726537240348996e-06,-4.087248066758642e-05,-1.8026956118966098e-06
5,-6.395726393287893e-05,-7.136699497345411e-05,-4.12867661936378e-06,-6.323704696953314e-05
6,4.559034894391356e-05,3.6808492585416186e-05,-2.0487615145128868e-05,5.0937329563460754e-05
7,0.0001409415633105704,8.400208841519152e-05,9.753357175154576e-05,0.00014386559131768228
8,-7.937769005569861e-05,-5.5781436571256116e-05,-7.067409333338937e-05,-0.0001366793514786524
