{
  "model_name": "linear_homo",
  "success": true,
  "message": "`ftol` termination condition is satisfied.",
  "nfev": 16,
  "rss": 0.04103878570274458,
  "rmse": 0.002013756683050878,
  "aic": -125572.92688853032,
  "bic": -125312.92520658803,
  "n_observations": 10120,
  "n_parameters": 36,
  "baseline": 1.0001075083037645,
  "scale": 0.03109834698137569,
  "tau_d_ms": 0.23584911119304244,
  "alpha": 0.580010175449872,
  "fitted_parameters": {
    "k1f": 2.2669322578427258e-08,
    "k1r": 72.52825589462189,
    "k2f": 3.185044314190565e-08,
    "k2r": 69.01695632710869,
    "k3f": 99.058954125452,
    "k3r": 33.26558798363992,
    "k4f": 35.589306599953325,
    "k4r": 3.315303939363479,
    "k5f": 2.6273839230962293,
    "k5r": 26.156059754487668,
    "k6f": 66.32108443124032,
    "k6r": 1.2653972702137173e-08,
    "k7f": 1.8216272212832731,
    "k7r": 17.19068871099354,
    "k8f": 33.99627371701995,
    "k8r": 2.267889424077014e-07,
    "k9f": 15.822075570640138,
    "k9r": 55.89782776128561,
    "k10f": 0.0010460316229155622,
    "k10r": 76.12666800345094,
    "k11f": 4.6933640319696795e-07,
    "k11r": 53.90967786750772,
    "k12f": 47.576088406546425,
    "k12r": 3.561590050884324e-08,
    "k13f": 18.399631689477893,
    "k13r": 12.931175160840427,
    "k14f": 42.830515477937375,
    "k14r": 45.28971681100628,
    "k15f": 2.5867465120642074e-08,
    "k15r": 7.0721102458214e-07,
    "k16f": 43.07316481116836,
    "k16r": 4.363110828505233e-06
  },
  "output_dir": "fcs_ode/fits_fcs_surface_numba/models/linear_homo"
}