time,A23_HN_observed,A23_HN_fit,A23_HN_residual,G45_HN_observed,G45_HN_fit,G45_HN_residual,L78_HN_observed,L78_HN_fit,L78_HN_residual,V90_HN_observed,V90_HN_fit,V90_HN_residual
0,2.1,2.0999889448694273,-1.1055130572756866e-05,1.7,1.7000097780198267,9.77801982671167e-06,0.85,0.849990673692221,-9.326307778945164e-06,3.2,3.1999978682069226,-2.1317930776199034e-06
1,1.4406,1.4406197392393587,1.9739239358607108e-05,1.2055,1.2054753733238275,-2.4626676172534445e-05,0.5862,0.586244306968519,4.4306968518981193e-05,2.2109,2.210945146586552,4.514658655185855e-05
2,0.9987,0.9986582430946565,-4.1756905343581785e-05,0.874,0.8739992238035893,-7.761964107011465e-07,0.4095,0.4094605902819767,-3.9409718023297735e-05,1.5481,1.5480036308455645,-9.636915443556049e-05
3,0.7024,0.702420340613077,2.0340613076985647e-05,0.6518,0.6518174271694418,1.742716944175271e-05,0.291,0.29096602032293956,-3.397967706042504e-05,1.1036,1.1036472654060516,4.726540605171081e-05
4,0.5038,0.5038568226698847,5.682266988471518e-05,0.5029,0.5028925300072411,-7.469992758912802e-06,0.2115,0.21154100930600805,4.100930600806074e-05,0.8058,0.8058023157794356,2.315779435657639e-06
5,0.3707,0.3707642881643521,6.428816435211093e-05,0.403,0.40307161517049,7.161517048998034e-05,0.1583,0.15830426104091375,4.261040913750014e-06,0.6061,0.6061637333948302,6.373339483023432e-05
6,0.2816,0.28155472076548327,-4.5279234516748534e-05,0.3362,0.33616342484238626,-3.657515761373853e-05,0.1226,0.12262061206619145,2.06120661914444e-05,0.4724,0.47234952933882657,-5.0470661173418474e-05
7,0.2219,0.22175934802709124,-0.0001406519729087452,0.2914,0.29131621510273936,-8.378489726063032e-05,0.0988,0.09870258227047116,-9.741772952884253e-05,0.3828,0.38265656879072446,-0.000143431209275513
8,0.1816,0.18167964731266778,7.964731266776881e-05,0.2612,0.2612559836512854,5.5983651285396174e-05,0.0826,0.08267078194897842,7.078194897841561e-05,0.3224,0.3225370837816376,0.0001370837816375703
