rank,start_index,model,success,message,cost,nfev,status,optimality,rss,mse,rmse,n_observations,n_nonlinear_parameters,n_linear_parameters,n_total_parameters,degrees_of_freedom,aic,bic,parameter_k1f
1,0,start_0,True,`xtol` termination condition is satisfied.,6.840374074973421e-08,7,3,1.440564004875086e-07,1.3680748149946842e-07,5.066943759239571e-09,6.164582564480484e-05,36.0,1.0,8.0,9.0,27.0,-679.9755629658916,-665.7238925197867,0.4000591928727911
2,1,start_1,True,Both `ftol` and `xtol` termination conditions are satisfied.,6.840374077679196e-08,12,4,1.3740779440608968e-08,1.368074815535839e-07,5.066943761243848e-09,6.164582565699713e-05,36.0,1.0,8.0,9.0,27.0,-679.9755629516515,-665.7238925055465,0.4000591963133741
3,5,start_5,True,`gtol` termination condition is satisfied.,6.840374079302922e-08,17,1,2.2010352556447035e-09,1.3680748158605843e-07,5.0669437624466084e-09,6.164582566431369e-05,36.0,1.0,8.0,9.0,27.0,-679.9755629431061,-665.7238924970011,0.40005919402329776
4,3,start_3,True,`xtol` termination condition is satisfied.,6.840374083594632e-08,20,3,1.163310503785282e-08,1.3680748167189265e-07,5.066943765625654e-09,6.164582568365227e-05,36.0,1.0,8.0,9.0,27.0,-679.9755629205192,-665.7238924744142,0.40005919649199667
5,4,start_4,True,`xtol` termination condition is satisfied.,6.840374089056567e-08,7,3,1.8779608267020733e-07,1.3680748178113134e-07,5.066943769671531e-09,6.164582570826389e-05,36.0,1.0,8.0,9.0,27.0,-679.9755628917738,-665.7238924456689,0.40005919468452317
6,7,start_7,True,`gtol` termination condition is satisfied.,6.840374089237723e-08,5,1,9.367384673957954e-09,1.3680748178475447e-07,5.066943769805721e-09,6.164582570908018e-05,36.0,1.0,8.0,9.0,27.0,-679.9755628908204,-665.7238924447154,0.40005919529217454
7,6,start_6,True,`gtol` termination condition is satisfied.,6.840374093224752e-08,14,1,3.0430448442275844e-09,1.3680748186449502e-07,5.066943772759075e-09,6.164582572704583e-05,36.0,1.0,8.0,9.0,27.0,-679.9755628698373,-665.7238924237323,0.40005919554999186
8,2,start_2,True,`gtol` termination condition is satisfied.,6.84037409697979e-08,5,1,8.20916259470681e-09,1.368074819395958e-07,5.066943775540585e-09,6.164582574396615e-05,36.0,1.0,8.0,9.0,27.0,-679.9755628500749,-665.7238924039699,0.40005919437644544
