{
  "model_name": "order2_homo",
  "success": true,
  "message": "`ftol` termination condition is satisfied.",
  "nfev": 40,
  "statistics": {
    "rss": 0.0003079961907053401,
    "mse": 0.0003079961907053401,
    "rmse": 0.0037416342485928167,
    "n_observations": 22.0,
    "n_nonlinear_parameters": 22.0,
    "n_linear_parameters": 2.0,
    "n_total_parameters": 24.0,
    "degrees_of_freedom": 1.0,
    "aic": -197.88224311783665,
    "bic": -171.69722423723707
  },
  "fitted_parameters": {
    "k1f": 1.0505385713485689,
    "k1r": 0.21087507959421448,
    "k2f": 0.09888541894949784,
    "k2r": 1.0976561668324265,
    "k3f": 0.11830141456209965,
    "k3r": 0.17868427343076135,
    "k4f": 0.9484932088063137,
    "k4r": 0.21876035705070582,
    "k5f": 1.1102946102025466,
    "k5r": 0.42659715806580795,
    "k6f": 0.8217609117924828,
    "k6r": 0.10850475020641244,
    "k7f": 0.43921713369463405,
    "k7r": 0.3511047744794041,
    "k8f": 0.4050191948299393,
    "k8r": 0.12045567691239703,
    "k9f": 0.31702545462011034,
    "k9r": 0.2145005648678245,
    "k10f": 0.24849945797952672,
    "k10r": 0.5293674174119243,
    "k11f": 0.11985582217185617,
    "k11r": 0.4213997773050617
  }
}