{
  "model_name": "order2_step",
  "success": true,
  "message": "`xtol` termination condition is satisfied.",
  "nfev": 17,
  "statistics": {
    "rss": 0.00030870373758752677,
    "mse": 7.717593439688169e-05,
    "rmse": 0.003745929533795358,
    "n_observations": 22.0,
    "n_nonlinear_parameters": 16.0,
    "n_linear_parameters": 2.0,
    "n_total_parameters": 18.0,
    "degrees_of_freedom": 4.0,
    "aic": -209.83176139236872,
    "bic": -190.19299723191904
  },
  "fitted_parameters": {
    "k1f": 0.9457990308356248,
    "k1r": 0.6299789603065022,
    "k2f": 0.050717371348990105,
    "k2r": 0.08734012142794191,
    "k3f": 1.522907532303955,
    "k3r": 0.08133074686142801,
    "k4f": 0.4178017152873744,
    "k4r": 0.9071674381293982,
    "k5f": 0.0990037471202001,
    "k5r": 0.9175979920668639,
    "k6f": 0.09951141748345231,
    "k6r": 0.7506127988737246,
    "k7f": 0.10169209545705124,
    "k7r": 0.4767343455950136,
    "k8f": 0.1068860408467115,
    "k8r": 0.24430094667181124
  }
}