{
  "model_name": "linear_step",
  "success": true,
  "message": "`xtol` termination condition is satisfied.",
  "nfev": 26,
  "rss": 0.03831279418064033,
  "rmse": 0.0019457258869984748,
  "aic": -126288.51213662469,
  "bic": -126100.73314411081,
  "n_observations": 10120,
  "n_parameters": 26,
  "baseline": 1.0001443201078213,
  "scale": 0.03268514288037589,
  "tau_d_ms": 0.2516326438438195,
  "alpha": 0.5983443438857349,
  "fitted_parameters": {
    "k1f": 0.001916063550162383,
    "k1r": 1.6765557369794668,
    "k2f": 0.16596344869807086,
    "k2r": 0.00027549114562799935,
    "k3f": 0.0017589426063618202,
    "k3r": 1.346548577528305e-07,
    "k4f": 1.1472002391974408e-05,
    "k4r": 1.0896954798297922e-07,
    "k5f": 0.1975676473642122,
    "k5r": 1.964423405337581e-06,
    "k6f": 1.8362676745504638e-07,
    "k6r": 1.7707697574376254e-06,
    "k7f": 69.19828700173787,
    "k7r": 0.00019233863363254152,
    "k8f": 8.18807559245394,
    "k8r": 0.00011527913129518416,
    "k9f": 8.082782239185415e-06,
    "k9r": 0.24915157683370026,
    "k10f": 5.705864625890178e-07,
    "k10r": 0.004541466872238651,
    "k11f": 13.659626478295626,
    "k11r": 0.00902589625382617
  },
  "output_dir": "fcs_ode/fits_fcs_surface_numba/models/linear_step"
}