{
  "model_name": "linear_homo",
  "success": true,
  "message": "`xtol` termination condition is satisfied.",
  "nfev": 21,
  "statistics": {
    "rss": 861200778857210.9,
    "mse": 30757170673471.816,
    "rmse": 3612270.290184786,
    "n_observations": 66.0,
    "n_nonlinear_parameters": 32.0,
    "n_linear_parameters": 6.0,
    "n_total_parameters": 38.0,
    "degrees_of_freedom": 28.0,
    "aic": 2069.1798068893418,
    "bic": 2152.386687086346
  },
  "fitted_parameters": {
    "k1f": 0.9217534637873308,
    "k1r": 0.0846359814421083,
    "k2f": 0.0978939979487284,
    "k2r": 0.828374299399786,
    "k3f": 0.965894806946591,
    "k3r": 0.09827805121760651,
    "k4f": 0.7393661416172436,
    "k4r": 0.05686925642393307,
    "k5f": 0.9477589151520293,
    "k5r": 0.0907737052415441,
    "k6f": 1.998973629619226,
    "k6r": 0.08291472698970931,
    "k7f": 0.10804743146292371,
    "k7r": 0.5581847605364967,
    "k8f": 1.0620912498540065,
    "k8r": 0.09569242647633716,
    "k9f": 0.6463652006309845,
    "k9r": 0.0988135515950148,
    "k10f": 0.6851377612444748,
    "k10r": 0.13231762592857474,
    "k11f": 0.3145578478167291,
    "k11r": 0.056815097542159645,
    "k12f": 0.16420710966986254,
    "k12r": 2.294670530579997,
    "k13f": 1.245401482171906,
    "k13r": 0.030761116955970936,
    "k14f": 0.09570039861041695,
    "k14r": 0.09548574270695373,
    "k15f": 0.9315894789835341,
    "k15r": 0.0978377935131588,
    "k16f": 0.4480238916188858,
    "k16r": 0.10349636242950538
  }
}