time,A23_HN,G45_HN,L78_HN,V90_HN
0.0,-1.0881985977650999e-05,9.907867932978931e-06,-9.257033415810412e-06,-1.872083797316293e-06
1.0,1.9615627734559382e-05,-2.4719392568206544e-05,4.425753271175559e-05,4.496116558661001e-05
2.0,-4.20232259017439e-05,-9.75942083591974e-07,-3.951624266612663e-05,-9.676863615837306e-05
3.0,2.0016309830173107e-05,1.718393880534297e-05,-3.410939838072169e-05,4.677895200599913e-05
4.0,5.648475007336007e-05,-7.723434155337827e-06,4.087413559725195e-05,1.8089016478040065e-06
5.0,6.395803663095112e-05,7.136757446846165e-05,4.1289856531623315e-06,6.323820589038132e-05
6.0,-4.5592792799531434e-05,-3.681032555108432e-05,2.0486637553593368e-05,-5.094099549696196e-05
7.0,-0.00014094682105819656,-8.400603183761346e-05,-9.753567490108916e-05,-0.0001438734781039619
8.0,7.937010146846779e-05,5.5775744988662e-05,7.067105784804018e-05,0.00013666796842370932
