time,A23_HN,G45_HN,L78_HN,V90_HN
0.0,2.0999891180072563,1.7000099078628579,0.849990742963877,3.1999981279060528
1.0,1.4406196156571707,1.2054752806295088,0.5862442575444857,2.2109449612097403
2.0,0.9986579767923093,0.8739990240715748,0.40946048376461813,1.5480032313911585
3.0,0.7024200162571248,0.6518171838992759,0.2909658905805373,1.1036467788729485
4.0,0.5038564846965782,0.5028922765257229,0.21154087411419942,0.8058018088214058
5.0,0.3707639580544658,0.40307136758784523,0.15830412899278737,0.6061632382326436
6.0,0.28155440722527614,0.33616318968800624,0.12262048664478414,0.4723490590316176
7.0,0.22175905319273106,0.2913159939785049,0.09870246433061497,0.3826561265425811
8.0,0.18167937011708993,0.26125577575670533,0.082670671064097,0.3225366679918571
