time,A23_HN,G45_HN,L78_HN,V90_HN
0.0,2.0999891180140224,1.700009907867933,0.8499907429665842,3.199998127916203
1.0,1.4406196156277347,1.2054752806074318,0.5862442575327118,2.2109449611655867
2.0,0.9986579767740983,0.8739990240579164,0.40946048375733385,1.5480032313638417
3.0,0.7024200163098302,0.6518171839388054,0.29096589060161926,1.103646778952006
4.0,0.5038564847500734,0.5028922765658447,0.21154087413559725,0.8058018089016478
5.0,0.3707639580366309,0.4030713675744685,0.15830412898565316,0.6061632382058904
6.0,0.2815544072072005,0.3361631896744489,0.1226204866375536,0.472349059004503
7.0,0.2217590531789418,0.2913159939681624,0.09870246432509891,0.382656126521896
8.0,0.18167937010146848,0.26125577574498865,0.08267067105784805,0.32253666796842373
