rss,mse,rmse,n_observations,n_nonlinear_parameters,n_linear_parameters,n_total_parameters,degrees_of_freedom,aic,bic
1.3681360593659717e-07,5.06717059024434e-09,6.164720547342965e-05,36.0,1.0,8.0,9.0,27.0,-679.9739513961201,-665.7222809500151
