time,A,B
0.0,1.0,0.0
1.0,0.6702801379492399,0.32971986205076015
2.0,0.4492757844461299,0.5507242155538702
3.0,0.3011410297979624,0.6988589702020377
4.0,0.20184869068119307,0.7981513093188071
5.0,0.13529534026215195,0.8647046597378483
6.0,0.09068581451575497,0.9093141854842454
7.0,0.06078495345056805,0.9392150465494321
8.0,0.040742977703256765,0.9592570222967434
