data_column,signal_column,scale,offset,rss
A23_HN,A23_HN,1.9997870261294064,0.10020209188461592,3.8195274213968285e-08
G45_HN,G45_HN,1.4998630176072563,0.20014689026067678,1.7681383733717205e-08
L78_HN,L78_HN,0.7999108206386087,0.05007992232797539,2.138445845910739e-08
V90_HN,V90_HN,2.999677242975288,0.20032088494091482,5.955248952980429e-08
