engine_name,available,benchmark,n_timepoints,n_observables,n_repeats,min_seconds,mean_seconds,median_seconds,max_seconds,rss,warmup_rss
reference,True,project_single_species_batch,50,1000,50,7.361899770330638e-05,8.772129964199848e-05,7.577299766126089e-05,0.0002540360001148656,0.19122004269464415,0.19122004269464415
numba_projection,True,project_single_species_batch,50,1000,50,5.660900205839425e-05,6.563973976881244e-05,5.732399949920364e-05,0.0001926929980982095,0.19122004269464407,0.19122004269464407
jax_projection,True,project_single_species_batch,50,1000,50,0.0002984180027851835,0.0003900110999529716,0.0003517829973134212,0.0009524739944026805,0.19122004269464415,0.19122004269464415
