{
  "model_name": "order2_step",
  "success": true,
  "message": "`xtol` termination condition is satisfied.",
  "nfev": 35,
  "statistics": {
    "rss": 0.03540524730030973,
    "mse": 3.85510096911038e-06,
    "rmse": 0.001870439045612223,
    "n_observations": 10120.0,
    "n_nonlinear_parameters": 16.0,
    "n_linear_parameters": 920.0,
    "n_total_parameters": 936.0,
    "degrees_of_freedom": 9184.0,
    "aic": -125267.22154052519,
    "bic": -118507.17781002559
  },
  "fitted_parameters": {
    "k1f": 1.0590765950116758,
    "k1r": 0.14515749013945348,
    "k2f": 0.08123781697002778,
    "k2r": 1.6753637471271254,
    "k3f": 0.27053563242295275,
    "k3r": 0.40638175798696635,
    "k4f": 0.40535215126729524,
    "k4r": 0.36361415734029023,
    "k5f": 0.4899403923326605,
    "k5r": 0.4673704599984447,
    "k6f": 0.33048423682144357,
    "k6r": 0.5238357039938912,
    "k7f": 0.21692140491101458,
    "k7r": 0.5417905108187461,
    "k8f": 0.2653997883863436,
    "k8r": 0.4148620755751768
  }
}