{
  "model_name": "linear_step",
  "success": true,
  "message": "`xtol` termination condition is satisfied.",
  "nfev": 20,
  "statistics": {
    "rss": 721794428844119.0,
    "mse": 18994590232739.973,
    "rmse": 3307004.5698352,
    "n_observations": 66.0,
    "n_nonlinear_parameters": 22.0,
    "n_linear_parameters": 6.0,
    "n_total_parameters": 28.0,
    "degrees_of_freedom": 38.0,
    "aic": 2037.5250453455978,
    "bic": 2098.8353781223377
  },
  "fitted_parameters": {
    "k1f": 1.2613795952315214,
    "k1r": 0.1574973275138467,
    "k2f": 0.12613148830343568,
    "k2r": 1.0250272978191273,
    "k3f": 0.16081835919172469,
    "k3r": 0.10817932351324332,
    "k4f": 0.3417212495263617,
    "k4r": 0.09904749736193641,
    "k5f": 0.5153664957238185,
    "k5r": 0.09904174985809906,
    "k6f": 0.519705089286997,
    "k6r": 0.10182638726988112,
    "k7f": 0.6585013807888935,
    "k7r": 0.11748079617286503,
    "k8f": 0.8767928534591437,
    "k8r": 0.10442644576787155,
    "k9f": 1.0031326679101236,
    "k9r": 0.10069375261402684,
    "k10f": 1.1347581840978436,
    "k10r": 0.10116514090338462,
    "k11f": 1.217563581468844,
    "k11r": 0.09870414148462875
  }
}