{
  "model_name": "order3_combo",
  "success": true,
  "message": "`xtol` termination condition is satisfied.",
  "nfev": 26,
  "statistics": {
    "rss": 0.03561376239425757,
    "mse": 3.876116934507789e-06,
    "rmse": 0.0018759388267334319,
    "n_observations": 10120.0,
    "n_nonlinear_parameters": 12.0,
    "n_linear_parameters": 920.0,
    "n_total_parameters": 932.0,
    "degrees_of_freedom": 9188.0,
    "aic": -125215.79579456373,
    "bic": -118484.6411398355
  },
  "fitted_parameters": {
    "k1f": 1.4692777099714969,
    "k1r": 0.07709048339702756,
    "k2f": 0.27261046047464615,
    "k2r": 0.08748101891905528,
    "k3f": 1.2053049979808816,
    "k3r": 0.1334227342595677,
    "k4f": 0.2895326189185809,
    "k4r": 0.3349600790643396,
    "k5f": 0.11680566290259949,
    "k5r": 0.2595881997699005,
    "k6f": 0.10381930078389214,
    "k6r": 0.19532768446509668
  }
}