{
  "model_name": "order2_combo",
  "success": true,
  "message": "`xtol` termination condition is satisfied.",
  "nfev": 45,
  "statistics": {
    "rss": 687955062799506.1,
    "mse": 26459810107673.312,
    "rmse": 3228554.0970484414,
    "n_observations": 66.0,
    "n_nonlinear_parameters": 34.0,
    "n_linear_parameters": 6.0,
    "n_total_parameters": 40.0,
    "degrees_of_freedom": 26.0,
    "aic": 2058.355933004258,
    "bic": 2145.942122685315
  },
  "fitted_parameters": {
    "k1f": 0.9298158857131321,
    "k1r": 2.7855536217552666,
    "k2f": 0.09845323406649191,
    "k2r": 4.306360920868272,
    "k3f": 0.0030659657386691045,
    "k3r": 1.0616293255956137,
    "k4f": 0.8323251142151132,
    "k4r": 0.02913710187923112,
    "k5f": 1.5675209106378198,
    "k5r": 0.10990900884402584,
    "k6f": 1.4967026786123316,
    "k6r": 0.14256002831652734,
    "k7f": 1.5063933757236154,
    "k7r": 0.09363967024712096,
    "k8f": 1.515033677036337,
    "k8r": 0.06365202705257364,
    "k9f": 0.5484389858633956,
    "k9r": 0.09168868832722119,
    "k10f": 2.6129693320042784,
    "k10r": 0.10070087504200541,
    "k11f": 1.2862573179827121,
    "k11r": 0.055645500272126044,
    "k12f": 2.9469388094160203,
    "k12r": 0.10882567080325475,
    "k13f": 1.2499519984699332,
    "k13r": 0.08819279782929969,
    "k14f": 1.5192939607845954,
    "k14r": 0.05625132642042643,
    "k15f": 2.4639606887947467,
    "k15r": 0.0820456157926689,
    "k16f": 2.784632244483277,
    "k16r": 0.10012017856404576,
    "k17f": 2.171483048423245,
    "k17r": 0.04812864040198969
  }
}