name,n_repeats,min_seconds,max_seconds,mean_seconds,median_seconds,stdev_seconds,metadata_n_timepoints,metadata_n_species,metadata_n_peaks,metadata_multispecies
simulation_solve,5,0.0006016589977662079,0.009012054004415404,0.002345159600372426,0.0007303550009964965,0.0037274562320539135,100,,,
single_species_projection_kernel,10,2.7382004191167653e-05,0.008117175006191246,0.0008655714009364601,3.752699922188185e-05,0.0025484496723755744,100,,,
multispecies_projection_kernel,10,3.227100387448445e-05,7.988199649844319e-05,4.124660044908523e-05,3.506249777274206e-05,1.4515225589517006e-05,100,3.0,,
variable_projection_fit,2,0.07861176900041755,0.13584378999803448,0.10722777949922602,0.10722777949922602,0.04046915014842581,25,,50.0,
multispecies_variable_projection_fit,2,0.33441262999986066,0.4183917880000081,0.3764022089999344,0.3764022089999344,0.05938223210024075,25,,50.0,
single_species_api_model_comparison,1,0.22502178499416914,0.22502178499416914,0.22502178499416914,0.22502178499416914,0.0,25,,25.0,False
multispecies_api_model_comparison,1,1.0707635759972618,1.0707635759972618,1.0707635759972618,1.0707635759972618,0.0,25,,25.0,True
