{
  "model_name": "order3_combo",
  "success": true,
  "message": "`ftol` termination condition is satisfied.",
  "nfev": 27,
  "rss": 0.03814839110188148,
  "rmse": 0.0019415467709592476,
  "aic": -126352.03125589636,
  "bic": -126236.4749528109,
  "n_observations": 10120,
  "n_parameters": 16,
  "baseline": 1.0001157597749255,
  "scale": 0.03272671300415334,
  "tau_d_ms": 0.23843593165305543,
  "alpha": 0.5836018547158519,
  "fitted_parameters": {
    "k1f": 0.0002559482834630646,
    "k1r": 7.125976186007349e-08,
    "k2f": 0.0005209913331661199,
    "k2r": 1.0611577349195964,
    "k3f": 1.0631814349572242e-08,
    "k3r": 1.6101317611447698e-08,
    "k4f": 1.5730481044555225e-06,
    "k4r": 0.0021882490787860157,
    "k5f": 3.055482787590095e-05,
    "k5r": 0.028349036851620366,
    "k6f": 0.00012980020612396358,
    "k6r": 0.4278458294146497
  },
  "output_dir": "fcs_ode/fits_fcs_surface_numba/models/order3_combo"
}