start_index,k1f
0,0.2
1,0.11150298626945479
2,6.336578001821524
3,0.0037725799377838205
4,6.231574457862895
5,0.017673632006554453
6,0.04935211802989536
7,2.045551298683015
8,0.04333078385228665
9,0.15789731706444673
10,0.0012889511341131776
11,1.0328861041058042
