data_column,scale,offset,fit_scale,fit_offset,weight,n_observations,rss,rmse
A23_HN,1.9997866419813823,0.10020230425541322,True,True,1.0,9,3.820894285553003e-08,6.515702644426687e-05
G45_HN,1.4998627295100513,0.2001470495352304,True,True,1.0,9,1.764285095976299e-08,4.427546468764613e-05
L78_HN,0.7999106669544735,0.05008000728429197,True,True,1.0,9,2.142147813474533e-08,4.878692690869067e-05
V90_HN,2.9996766667635284,0.20032120349359986,True,True,1.0,9,5.953420900929789e-08,8.13321099698281e-05
