time,A23_HN,G45_HN,L78_HN,V90_HN
0.0,2.0999889454823517,1.7000097784794526,0.8499906739370034,3.199997869125504
1.0,1.440620031179229,1.205475592282013,0.586244423743688,2.2109455844954664
2.0,0.9986579921719403,0.8739990356086843,0.40946048991332107,1.5480032544617583
3.0,0.7024195149967465,0.6518168079478052,0.29096569007806994,1.1036460269829482
4.0,0.5038566790448535,0.5028924222868476,0.21154095185635452,0.8058021003422757
5.0,0.37076390575373874,0.40307132835820103,0.15830410807754197,0.6061631597797704
6.0,0.28155443379191886,0.33616320960897456,0.12262049727747447,0.47234909887923615
7.0,0.22175907601731917,0.2913160110923454,0.09870247346725844,0.3826561607768336
8.0,0.1816794215619038,0.2612558143356759,0.08267069164928816,0.3225367451562066
