time,A23_HN,G45_HN,L78_HN,V90_HN
0.0,-1.105376320431617e-05,9.779045281765875e-06,-9.325761234468821e-06,-2.1297428718369815e-06
1.0,2.0030805858883838e-05,-2.4407998024722488e-05,4.4423594333653504e-05,4.558393539166872e-05
2.0,-4.200852020219692e-05,-9.649104326658886e-07,-3.951036353705417e-05,-9.674657646163709e-05
3.0,1.951438103553471e-05,1.680748601529114e-05,-3.4310168212703385e-05,4.6026059384418616e-05
4.0,5.667867775627222e-05,-7.577988477169839e-06,4.0951709518927126e-05,2.099791638010551e-06
5.0,6.390568333108915e-05,7.132830539802182e-05,4.108049383028112e-06,6.315967417058754e-05
6.0,-4.556599072280676e-05,-3.679022799979448e-05,2.049736442229222e-05,-5.0900794712427366e-05
7.0,-0.00014092351341260523,-8.398855569319297e-05,-9.752634502968593e-05,-0.00014383851924876234
8.0,7.94222395623656e-05,5.581484393285541e-05,7.0691920356164e-05,0.0001367461727106445
