time,A,B
0.0,1.0,0.0
1.0,0.670280368782251,0.3297196312177489
2.0,0.4492757727925527,0.5507242272074468
3.0,0.30114073134925934,0.6988592686507403
4.0,0.20184872102935683,0.7981512789706429
5.0,0.13529523454345924,0.8647047654565406
6.0,0.0906857396790119,0.9093142603209879
7.0,0.06078487100549912,0.9392151289945009
8.0,0.040742905726712575,0.9592570942732873
