time,A23_HN,G45_HN,L78_HN,V90_HN
0.0,2.0999889462367958,1.7000097790452817,0.8499906742387655,3.1999978702571283
1.0,1.440620030805859,1.2054755920019753,0.5862444235943337,2.2109455839353918
2.0,0.9986579914797978,0.8739990350895673,0.4094604896364629,1.5480032534235384
3.0,0.7024195143810356,0.6518168074860153,0.2909656898317873,1.1036460260593843
4.0,0.5038566786777563,0.5028924220115228,0.21154095170951892,0.805802099791638
5.0,0.37076390568333106,0.40307132830539805,0.15830410804938302,0.6061631596741706
6.0,0.2815544340092772,0.3361632097720002,0.12262049736442229,0.47234909920528756
7.0,0.22175907648658738,0.2913160114443068,0.09870247365497031,0.3826561614807512
8.0,0.18167942223956238,0.26125581484393284,0.08267069192035617,0.32253674617271066
