time,A23_HN,G45_HN,L78_HN,V90_HN
0.0,-1.1054517648378948e-05,9.778479452604572e-06,-9.326062996528606e-06,-2.1308744959647186e-06
1.0,2.003117922888542e-05,-2.4407717986951738e-05,4.4423743687960204e-05,4.558449546632204e-05
2.0,-4.200782805974246e-05,-9.643913156942574e-07,-3.951008667890665e-05,-9.674553824168264e-05
3.0,1.95149967464614e-05,1.680794780511974e-05,-3.430992193004245e-05,4.6026982948310646e-05
4.0,5.6679044853513716e-05,-7.577713152406851e-06,4.095185635452636e-05,2.1003422757681633e-06
5.0,6.390575373876883e-05,7.132835820100603e-05,4.108077541975508e-06,6.315977977044973e-05
6.0,-4.55662080811603e-05,-3.6790391025443014e-05,2.049727747446828e-05,-5.090112076383546e-05
7.0,-0.00014092398268081285,-8.398890765459743e-05,-9.752653274155976e-05,-0.00014383922316635323
8.0,7.942156190379746e-05,5.581433567591887e-05,7.069164928814875e-05,0.00013674515620659689
