{
  "model_name": "linear_step",
  "success": true,
  "message": "`xtol` termination condition is satisfied.",
  "nfev": 21,
  "statistics": {
    "rss": 0.035565214804288016,
    "mse": 3.8750506433087835e-06,
    "rmse": 0.0018746597795230116,
    "n_observations": 10120.0,
    "n_nonlinear_parameters": 22.0,
    "n_linear_parameters": 920.0,
    "n_total_parameters": 942.0,
    "degrees_of_freedom": 9178.0,
    "aic": -125209.60047976748,
    "bic": -118406.22313561084
  },
  "fitted_parameters": {
    "k1f": 1.2814696627817914,
    "k1r": 0.06524684364525916,
    "k2f": 0.19290960548652938,
    "k2r": 0.11012327198597677,
    "k3f": 2.5025306283250104,
    "k3r": 0.14359036281296422,
    "k4f": 0.9651013132677423,
    "k4r": 0.3083908327182757,
    "k5f": 0.5556266294964791,
    "k5r": 0.484354090630442,
    "k6f": 0.1723372724993823,
    "k6r": 0.4351148557029928,
    "k7f": 0.164018626910516,
    "k7r": 0.3252692628493596,
    "k8f": 0.12347978240639687,
    "k8r": 0.221300477821211,
    "k9f": 0.13081638763983217,
    "k9r": 0.1675869197324215,
    "k10f": 0.10236653314533126,
    "k10r": 0.12684460469778006,
    "k11f": 0.10836803379280227,
    "k11r": 0.10660454225999531
  }
}