time,A23_HN,G45_HN,L78_HN,V90_HN
0.0,2.0999889481969936,1.7000097805154226,0.8499906750228055,3.1999978731973218
1.0,1.4406200298369787,1.2054755912752888,0.5862444232067655,2.210945582482022
2.0,0.9986579896779151,0.8739990337381296,0.40946048891570713,1.5480032507206993
3.0,0.7024195127833954,0.6518168062877684,0.29096568919273585,1.1036460236629309
4.0,0.5038566777231968,0.5028924212955981,0.2115409513277037,0.8058020983598193
5.0,0.37076390550290433,0.4030713281700847,0.15830410797722289,0.6061631594035598
6.0,0.2815544345747807,0.336163210196145,0.12262049759063512,0.47234910005357755
7.0,0.2217590777052048,0.2913160123582958,0.09870247414242898,0.3826561633087155
8.0,0.18167942399863074,0.2612558161632671,0.08267069262399519,0.32253674881135336
