data_column,signal_column,scale,offset,rss
A23_HN,A23_HN,1.9997866425723105,0.1002023029100411,3.82090354132325e-08
G45_HN,G45_HN,1.4998627299532727,0.20014704852617993,1.764285848579782e-08
L78_HN,L78_HN,0.7999106671908645,0.05008000674613901,2.1421465237996263e-08
V90_HN,V90_HN,2.99967666764998,0.20032120147552412,5.953412236244184e-08
