time,A23_HN,G45_HN,L78_HN,V90_HN
0.0,-1.10518030065343e-05,9.780515422663782e-06,-9.324977194524742e-06,-2.1268026784149185e-06
1.0,2.0029836978574522e-05,-2.440872471121125e-05,4.442320676545375e-05,4.558248202179982e-05
2.0,-4.2010322084951035e-05,-9.662618704053827e-07,-3.951108429284256e-05,-9.674927930070076e-05
3.0,1.951278339540341e-05,1.680628776834503e-05,-3.4310807264126275e-05,4.6023662930938514e-05
4.0,5.66777231967297e-05,-7.578704401933756e-06,4.0951327703708795e-05,2.0983598193469177e-06
5.0,6.390550290436003e-05,7.13281700846502e-05,4.1079772228891365e-06,6.315940355983152e-05
6.0,-4.556542521932938e-05,-3.678980385501962e-05,2.0497590635118468e-05,-5.089994642243356e-05
7.0,-0.00014092229479517604,-8.398764170419737e-05,-9.752585757101528e-05,-0.0001438366912844824
8.0,7.94239986307288e-05,5.5816163267108365e-05,7.069262399518605e-05,0.00013674881135333772
