rss,mse,rmse,n_observations,n_nonlinear_parameters,n_linear_parameters,n_total_parameters,degrees_of_freedom,aic,bic
1.3680748149946842e-07,5.066943759239571e-09,6.164582564480484e-05,36.0,1.0,8.0,9.0,27.0,-679.9755629658916,-665.7238925197867
