time,A_observed,A_fit,A_residual,B_observed,B_fit,B_residual
0,1.0,1.0,0.0,0.0,0.0,0.0
1,0.6,0.5918844284441511,-0.008115571555848855,0.4,0.4081155715558488,0.0081155715558488
2,0.35,0.35032723251376335,0.0003272325137633758,0.65,0.6496727674862366,-0.0003272325137634313
3,0.2,0.20735333758773533,0.00735333758773532,0.8,0.7926466624122647,-0.007353337587735376
