time,A,B
0.0,1.0,0.0
1.0,0.5918844284441511,0.4081155715558488
2.0,0.35032723251376335,0.6496727674862366
3.0,0.20735333758773533,0.7926466624122647
