time,A_observed,A_fit,A_residual,B_observed,B_fit,B_residual
0,1.0,1.0,0.0,0.0,0.0,0.0
1,0.6065,0.6065183238991246,1.8323899124594867e-05,0.3935,0.3934816761008751,-1.8323899124927934e-05
2,0.3679,0.3678647771079488,-3.5222892051212096e-05,0.6321,0.6321352228920509,3.522289205093454e-05
3,0.2231,0.2231166222184764,1.6622218476397554e-05,0.7769,0.7768833777815233,-1.6622218476758377e-05
4,0.1353,0.1353245799857134,2.457998571339659e-05,0.8647,0.8646754200142863,-2.4579985713701902e-05
5,0.0821,0.08207686877286133,-2.3131227138678545e-05,0.9179,0.9179231312271385,2.3131227138484256e-05
