signal_column,offset,rss,coefficient_A,coefficient_B
A23_HN,0.7333970698985539,3.819527412307896e-08,1.3665920480346752,-0.6331949781361214
G45_HN,0.6333855993254586,1.7681382990510717e-08,1.0666243084818794,-0.4332387091564207
L78_HN,0.30002355507112327,2.138445755985574e-08,0.5499671878631445,-0.2499436327920213
V90_HN,1.1334396708508852,5.95524730974244e-08,2.06655845694413,-0.9331187860932458
