{
  "model_name": "order2_homo",
  "success": true,
  "message": "`xtol` termination condition is satisfied.",
  "nfev": 17,
  "statistics": {
    "rss": 813114956850939.4,
    "mse": 21397762022393.14,
    "rmse": 3509974.8700881884,
    "n_observations": 66.0,
    "n_nonlinear_parameters": 22.0,
    "n_linear_parameters": 6.0,
    "n_total_parameters": 28.0,
    "degrees_of_freedom": 38.0,
    "aic": 2045.387765538455,
    "bic": 2106.698098315195
  },
  "fitted_parameters": {
    "k1f": 1.625251902827465,
    "k1r": 0.16721672830210754,
    "k2f": 0.11662269256014712,
    "k2r": 4.372562403282255,
    "k3f": 0.07068751255507569,
    "k3r": 0.12248072916740704,
    "k4f": 0.27143620526687545,
    "k4r": 0.10776858442836793,
    "k5f": 0.3067195455658052,
    "k5r": 0.09155816711413599,
    "k6f": 0.8684075899566993,
    "k6r": 0.0769632705431387,
    "k7f": 1.450841378222671,
    "k7r": 0.16294191133466523,
    "k8f": 8.483715582779006,
    "k8r": 0.07121748881483314,
    "k9f": 0.02576512896775089,
    "k9r": 0.15984690656789746,
    "k10f": 0.5008644236328154,
    "k10r": 0.10391096416093942,
    "k11f": 0.9130702436298487,
    "k11r": 0.0956228191975139
  }
}