data_column,signal_column,scale,offset,rss
fcs_amplitude_proxy,fcs_amplitude_proxy,-0.0007740744564458904,0.032111429111949745,0.0003202254547802734
fcs_auc_proxy,fcs_auc_proxy,-14416987.03639009,14715774.114385886,813100781519199.2
fcs_half_tau_proxy,fcs_half_tau_proxy,-33864.59546221441,86024.76641378907,14175331740.14331
