start_index,k1f
0,0.2
1,5.118216247002567
2,9.504636963259353
3,1.4415961271963373
4,9.486494471372438
5,3.1183145201048545
6,4.233264489725757
7,8.277025938204417
8,4.091991363691613
9,5.495936876730595
10,0.27559113243068367
11,7.535131086748066
