time,A_observed,A_fit,A_residual,B_observed,B_fit,B_residual
0,1.0,1.0,0.0,0.0,0.0,0.0
1,0.6,0.5918844288674971,-0.00811557113250283,0.4,0.40811557113250285,0.00811557113250283
2,0.35,0.3503272330149041,0.0003272330149041158,0.65,0.6496727669850958,-0.00032723301490422685
3,0.2,0.2073533380326632,0.0073533380326631925,0.8,0.7926466619673366,-0.00735333803266347
