time,A,B
0.0,1.0,0.0
1.0,0.5918844288674971,0.40811557113250285
2.0,0.3503272330149041,0.6496727669850958
3.0,0.2073533380326632,0.7926466619673366
