time,A23_HN,G45_HN,L78_HN,V90_HN
0,1.0882066770800947e-05,-9.907807337894425e-06,9.257065732293235e-06,1.872204984820769e-06
1,-1.9615693781727117e-05,2.4719343031609498e-05,-4.4257559130844726e-05,-4.4961264658471833e-05
2,4.202313968348914e-05,9.758774185408825e-07,3.951620817882473e-05,9.676850683049132e-05
3,-2.001631747261534e-05,-1.7183944537535467e-05,3.41093953237781e-05,-4.677896346994004e-05
4,-5.648473259201037e-05,7.723447266405614e-06,-4.087412860462325e-05,-1.8088754257794548e-06
5,-6.395806132458715e-05,-7.136759298914663e-05,-4.1289955304280035e-06,-6.323824293064106e-05
6,4.559279606219935e-05,3.681032799807138e-05,-2.0486636248304158e-05,5.0941000391435676e-05
7,0.0001409468532946878,8.400605601538436e-05,9.75356877958855e-05,0.00014387352645922613
8,-7.937005063926583e-05,-5.577570686615685e-05,-7.067103751617898e-05,-0.00013666789217936515
