{
  "model_name": "linear_homo",
  "success": true,
  "message": "`xtol` termination condition is satisfied.",
  "nfev": 17,
  "statistics": {
    "rss": 0.03557584708495572,
    "mse": 3.880437072966374e-06,
    "rmse": 0.0018749399749273586,
    "n_observations": 10120.0,
    "n_nonlinear_parameters": 32.0,
    "n_linear_parameters": 920.0,
    "n_total_parameters": 952.0,
    "degrees_of_freedom": 9168.0,
    "aic": -125186.57554091218,
    "bic": -118310.97550732711
  },
  "fitted_parameters": {
    "k1f": 2.958608933302864,
    "k1r": 0.0651862255675578,
    "k2f": 0.3785180811127493,
    "k2r": 0.0592385589915119,
    "k3f": 0.68808717476337,
    "k3r": 0.11555351937775131,
    "k4f": 1.036638335245806,
    "k4r": 0.08134613653265649,
    "k5f": 3.7064276880141556,
    "k5r": 0.09417398888913013,
    "k6f": 1.6527181240866982,
    "k6r": 0.2673243635134447,
    "k7f": 2.3804272690252324,
    "k7r": 0.6035712413189923,
    "k8f": 0.6601801194333018,
    "k8r": 0.5509207755994262,
    "k9f": 0.2577796624137793,
    "k9r": 0.09650991093417531,
    "k10f": 0.1494594113764113,
    "k10r": 0.6810060254913254,
    "k11f": 0.11299101828392631,
    "k11r": 0.21573422622432342,
    "k12f": 0.06182056618246173,
    "k12r": 7.824647767512562,
    "k13f": 10.19375256804059,
    "k13r": 0.08948370707172584,
    "k14f": 0.1595186852992641,
    "k14r": 0.0003007765779424354,
    "k15f": 0.4264413141695226,
    "k15r": 0.41995238416058533,
    "k16f": 0.19419973224895118,
    "k16r": 0.35305152315201194
  }
}