{
  "model_name": "order2_combo",
  "success": true,
  "message": "`xtol` termination condition is satisfied.",
  "nfev": 21,
  "statistics": {
    "rss": 0.000308049830531037,
    "mse": 0.000308049830531037,
    "rmse": 0.003741960051114662,
    "n_observations": 22.0,
    "n_nonlinear_parameters": 34.0,
    "n_linear_parameters": 2.0,
    "n_total_parameters": 36.0,
    "degrees_of_freedom": 1.0,
    "aic": -173.8784119879287,
    "bic": -134.60088366702934
  },
  "fitted_parameters": {
    "k1f": 0.826453265449476,
    "k1r": 0.12217992888560321,
    "k2f": 0.09021994586313355,
    "k2r": 0.9028926633593874,
    "k3f": 0.07921224869640768,
    "k3r": 0.20976131096357956,
    "k4f": 0.3617099857752089,
    "k4r": 0.14845509189035813,
    "k5f": 0.33401654123420516,
    "k5r": 0.16004788157653072,
    "k6f": 0.15820531510700128,
    "k6r": 0.10297357911815261,
    "k7f": 0.17902064750898336,
    "k7r": 0.10549335056253292,
    "k8f": 0.16350681466131992,
    "k8r": 0.11070436720945967,
    "k9f": 0.2751987372027102,
    "k9r": 0.1382823680900653,
    "k10f": 0.2703341978625811,
    "k10r": 0.16239864979033605,
    "k11f": 0.21418099155643586,
    "k11r": 0.13012959053882475,
    "k12f": 0.10191428848821296,
    "k12r": 0.11439605061184692,
    "k13f": 0.13500731547157893,
    "k13r": 0.11911026068481184,
    "k14f": 0.13658705642490376,
    "k14r": 0.363132643837511,
    "k15f": 0.11883422511751669,
    "k15r": 0.13633992070766543,
    "k16f": 0.10585353573241107,
    "k16r": 0.13298597899824632,
    "k17f": 0.12478378251274636,
    "k17r": 0.2112787701063862
  }
}