{
  "model_name": "linear_combo",
  "success": true,
  "message": "`xtol` termination condition is satisfied.",
  "nfev": 28,
  "rss": 0.02032921035690343,
  "rmse": 0.0014173267981162432,
  "aic": -132601.81021446027,
  "bic": -132052.91777480431,
  "n_observations": 10120,
  "n_parameters": 76,
  "baseline": 1.0001706037894744,
  "scale": 0.03301138812839902,
  "tau_d_ms": 0.2455163423851995,
  "alpha": 0.5970936021216138,
  "fitted_parameters": {
    "k1f": 4.319678253446243e-05,
    "k1r": 0.604744142369199,
    "k2f": 15.443802055534695,
    "k2r": 1.4068291949782604e-06,
    "k3f": 0.25390338760227393,
    "k3r": 1.7257069849353458e-07,
    "k4f": 9.263892051062903e-07,
    "k4r": 18.486751416159443,
    "k5f": 64.17698221895724,
    "k5r": 3.3126790595497057e-07,
    "k6f": 2.427379456871039e-07,
    "k6r": 9.087511482835386e-08,
    "k7f": 8.348024909365459e-06,
    "k7r": 1.7770708121742684e-07,
    "k8f": 3.1661524777450154e-05,
    "k8r": 0.019222753193145186,
    "k9f": 2.587823741469264e-06,
    "k9r": 4.590799150277835e-06,
    "k10f": 1.9897137132917515e-06,
    "k10r": 9.8608661292869e-06,
    "k11f": 1.3676705632305092e-05,
    "k11r": 1.9691414084272207e-05,
    "k12f": 1.6051182159082624e-06,
    "k12r": 8.84622290548456e-08,
    "k13f": 1.1813531822876976e-05,
    "k13r": 1.0800635585791098e-06,
    "k14f": 49.6218132733846,
    "k14r": 6.025153612567834e-07,
    "k15f": 7.366871887178184e-06,
    "k15r": 2.679136285664375e-07,
    "k16f": 7.998914693092004e-08,
    "k16r": 2.4037529569460454,
    "k17f": 70.36211839007446,
    "k17r": 1.1022984909908481e-08,
    "k18f": 2.821101586033552e-06,
    "k18r": 0.007748389575915931,
    "k19f": 0.00048825395109060337,
    "k19r": 1.31477115821554e-06,
    "k20f": 14.068755013531097,
    "k20r": 7.283123489785404e-07,
    "k21f": 5.577222806760778e-06,
    "k21r": 1.0031638542636288e-06,
    "k22f": 8.092093678593758e-07,
    "k22r": 8.893137207581885e-08,
    "k23f": 9.137685035117369e-07,
    "k23r": 63.070996698564784,
    "k24f": 7.980284171322632e-07,
    "k24r": 4.1113766854892777e-07,
    "k25f": 99.56090888636102,
    "k25r": 26.137028422662183,
    "k26f": 4.561812653517587e-08,
    "k26r": 7.335997163572357e-07,
    "k27f": 1.6053496259635846e-05,
    "k27r": 2.929102991916159e-07,
    "k28f": 8.355497225433504e-08,
    "k28r": 0.0007564752803598841,
    "k29f": 0.1495936567643212,
    "k29r": 0.00022658033161709394,
    "k30f": 1.6028891675566384e-05,
    "k30r": 26.51463572093813,
    "k31f": 0.00366766578668646,
    "k31r": 0.19283294145246307,
    "k32f": 41.26165596846338,
    "k32r": 8.355652244169305e-05,
    "k33f": 0.0006417153616635045,
    "k33r": 0.5350416784804031,
    "k34f": 82.99425332107722,
    "k34r": 7.650618043246285e-06,
    "k35f": 1.0312552801355e-06,
    "k35r": 6.0426410556763215e-05,
    "k36f": 17.623153083193266,
    "k36r": 1.3867478700411636e-05
  },
  "output_dir": "fcs_ode/fits_fcs_surface_numba/models/linear_combo"
}