time,A23_HN,G45_HN,L78_HN,V90_HN
0.0,-1.0883655651383606e-05,9.906615683785702e-06,-9.257701252707307e-06,-1.8745882197634955e-06
1.0,1.961647951476131e-05,-2.4718753710795127e-05,4.42578734369814e-05,4.4962443298768306e-05
2.0,-4.2021680270010187e-05,-9.74782837670496e-07,-3.9515624411179395e-05,-9.676631769806043e-05
3.0,2.0017613159506453e-05,1.718491631608199e-05,-3.4108877052740905e-05,4.6780906994392524e-05
4.0,5.648550608261527e-05,-7.722867144566159e-06,4.087443799388746e-05,1.8100356443673249e-06
5.0,6.395820837196142e-05,7.136770326898745e-05,4.129054340828997e-06,6.323846347711104e-05
6.0,-4.559325420006033e-05,-3.68106716155947e-05,2.0486452983956016e-05,-5.0941687627037435e-05
7.0,-0.00014094784127696713,-8.400679702330605e-05,-9.753608299822858e-05,-0.00014387500846430035
8.0,7.93686242710201e-05,5.577463706296637e-05,7.0670466959466e-05,0.00013666575259352332
