data_column,signal_column,scale,offset,rss
A23_HN,A23_HN,1.9997870274127432,0.10020208893160544,3.819546880163276e-08
G45_HN,G45_HN,1.4998630185698107,0.20014688804587305,1.768139874692711e-08
L78_HN,L78_HN,0.7999108211519845,0.050079921146762775,2.138443037388845e-08
V90_HN,V90_HN,2.999677244900418,0.2003208805113624,5.9552289911275664e-08
