time,A23_HN,G45_HN,L78_HN,V90_HN
0.0,2.0999891163443487,1.7000099066156837,0.8499907422987473,3.1999981254117804
1.0,1.4406196164795149,1.2054752812462892,0.586244257873437,2.210944962443299
2.0,0.99865797831973,0.8739990252171623,0.4094604843755888,1.548003233682302
3.0,0.7024200176131595,0.6518171849163161,0.29096589112294724,1.1036467809069943
4.0,0.5038564855060826,0.5028922771328554,0.21154087443799388,0.8058018100356443
5.0,0.37076395820837194,0.403071367703269,0.15830412905434083,0.6061632384634771
6.0,0.28155440674579996,0.3361631893283844,0.12262048645298396,0.47234905831237295
7.0,0.22175905215872302,0.2913159932029767,0.09870246391700177,0.3826561249915357
8.0,0.18167936862427103,0.26125577463706295,0.08267067046695947,0.32253666575259354
