time,A23_HN,G45_HN,L78_HN,V90_HN
0.0,-1.08819927437942e-05,9.90786285792744e-06,-9.257036122978235e-06,-1.8720939474192733e-06
1.0,1.9615657170568568e-05,-2.4719370491199655e-05,4.425754448567076e-05,4.49612097401797e-05
2.0,-4.2023207690755626e-05,-9.75928425184236e-07,-3.9516235381842346e-05,-9.676860884155758e-05
3.0,2.0016257124777503e-05,1.7183899275852177e-05,-3.410941946269119e-05,4.677887294857186e-05
4.0,5.6484696578151805e-05,-7.723474277132603e-06,4.0874114199423994e-05,1.8088214058797902e-06
5.0,6.395805446585134e-05,7.13675878452058e-05,4.128992787372221e-06,6.323823264364759e-05
6.0,-4.559277472387935e-05,-3.681031199376239e-05,2.048664478414286e-05,-5.094096838237361e-05
7.0,-0.00014094680726892128,-8.400602149510883e-05,-9.753566938502933e-05,-0.00014387345741889712
8.0,7.937011708991637e-05,5.577575670534518e-05,7.067106409699986e-05,0.00013666799185707568
