time,A_observed,A_fit,A_residual,B_observed,B_fit,B_residual
0,1.0,1.0,0.0,0.0,0.0,0.0
1,0.6065,0.6065183236975963,1.8323697596245303e-05,0.3935,0.3934816763024035,-1.832369759652286e-05
2,0.3679,0.36786477686347535,-3.5223136524653587e-05,0.6321,0.6321352231365244,3.522313652437603e-05
3,0.2231,0.22311662199604687,1.6621996046878307e-05,0.7769,0.7768833780039527,-1.662199604735015e-05
4,0.1353,0.1353245798058461,2.457980584610886e-05,0.8647,0.8646754201941533,-2.4579805846691727e-05
5,0.0821,0.08207686863649528,-2.3131363504722002e-05,0.9179,0.9179231313635042,2.313136350418077e-05
