start_index,k1f
0,0.1
1,0.05976721822697637
2,2.3809327652749207e-06
3,3.487539293327347e-05
4,1.952552297350304e-05
5,1.7034967431557413e-05
6,0.4837951904411109
7,2.906798893408771
8,8.630198494099935e-05
9,0.5473711847885886
