time,A23_HN,G45_HN,L78_HN,V90_HN
0,2.0999891179332293,1.7000099078073379,0.8499907429342677,3.1999981277950154
1,1.4406196156937818,1.2054752806569684,0.5862442575591309,2.2109449612646586
2,0.9986579768603165,0.8739990241225815,0.40946048379182115,1.5480032314931695
3,0.7024200163174726,0.6518171839445376,0.2909658906046762,1.1036467789634699
4,0.503856484732592,0.5028922765527336,0.21154087412860462,0.8058018088754257
5,0.37076395806132456,0.40307136759298917,0.15830412899553042,0.6061632382429306
6,0.2815544072039378,0.3361631896720019,0.1226204866362483,0.47234905899960855
7,0.2217590531467053,0.2913159939439846,0.09870246431220411,0.38265612647354075
8,0.18167937005063928,0.26125577570686614,0.08267067103751619,0.3225366678921794
