time,A,B
0.0,1.0,0.0
1.0,0.6702801380294923,0.32971986197050784
2.0,0.44927578454104306,0.550724215458957
3.0,0.3011410298566495,0.6988589701433505
4.0,0.2018486907293719,0.7981513092706279
5.0,0.13529534033279805,0.8647046596672019
6.0,0.09068581457334461,0.9093141854266552
7.0,0.06078495349428814,0.9392150465057117
8.0,0.040742977738094384,0.9592570222619057
