signal_column,offset,rss,coefficient_A,coefficient_B
A23_HN,0.09922902614155288,3.73882950877216e-08,2.0007783883516623,0.0010891530212195695
G45_HN,0.19899013351076666,1.7927510399357406e-08,1.5010269125255473,0.0012662945755100071
L78_HN,0.0489783291449874,2.0844422598874585e-08,0.8010087464219074,0.0011855211391788277
V90_HN,0.19702263017572114,5.714674660658326e-08,3.0029745870210682,0.003569157487234647
