time,A23_HN,G45_HN,L78_HN,V90_HN
0,-7.414493214952245e-06,-1.70460363140279e-05,1.2924433105188093e-05,2.782803210976681e-06
1,-7.640424421140324e-06,3.171147753522341e-05,-4.2787046144132646e-05,-3.5566281294752145e-05
2,5.933397283108821e-05,8.095299414812018e-06,3.665642589573137e-05,9.748157423716819e-05
3,-7.843794090578449e-06,-1.4666800448037698e-05,2.7945488251301942e-05,-5.699662315872267e-05
4,-5.268859048834784e-05,5.281371077470176e-06,-4.818081373109129e-05,-1.889278559008556e-05
5,-6.69825600311813e-05,-7.623673503409645e-05,-9.678094594456343e-06,-7.897497913067486e-05
6,3.8049706337528466e-05,3.213287474063131e-05,-2.1868703040245352e-05,4.384674060192717e-05
7,0.00013204964048962875,8.246904401354449e-05,0.00010254643775638173,0.0001526462577433052
8,-8.686345741049095e-05,-5.174049498363198e-05,-5.7558127497650546e-05,-0.00010632670661686605
