data_column,scale,offset,fit_scale,fit_offset,weight,n_observations,rss,rmse
A23_HN,1.9997870261129371,0.10020209189431939,True,True,1.0,9,3.8195265057989425e-08,6.514536314870463e-05
G45_HN,1.499863017594903,0.20014689026795496,True,True,1.0,9,1.7681382256827775e-08,4.432378626128887e-05
L78_HN,0.7999108206320198,0.050079922331857214,True,True,1.0,9,2.138445882704362e-08,4.8744753366722704e-05
V90_HN,2.9996772429505816,0.20032088495547137,True,True,1.0,9,5.9552481638934754e-08,8.134459050438501e-05
