{
  "model_name": "order3_combo",
  "success": true,
  "message": "`xtol` termination condition is satisfied.",
  "nfev": 16,
  "statistics": {
    "rss": 0.0003087848471420566,
    "mse": 3.859810589275707e-05,
    "rmse": 0.003746421608694553,
    "n_observations": 22.0,
    "n_nonlinear_parameters": 12.0,
    "n_linear_parameters": 2.0,
    "n_total_parameters": 14.0,
    "degrees_of_freedom": 8.0,
    "aic": -217.82598181925906,
    "bic": -202.55138747224262
  },
  "fitted_parameters": {
    "k1f": 3.145938276496334,
    "k1r": 0.10609940647999347,
    "k2f": 0.2358128935846277,
    "k2r": 0.07944099645600604,
    "k3f": 0.15883126094110983,
    "k3r": 0.48194892904856684,
    "k4f": 0.10121551094910056,
    "k4r": 7.002216714081178,
    "k5f": 0.07991176108986305,
    "k5r": 1.154628331770427,
    "k6f": 0.19346114025509745,
    "k6r": 3.536601127259717
  }
}