{
  "model_name": "order2_homo",
  "success": true,
  "message": "`xtol` termination condition is satisfied.",
  "nfev": 21,
  "statistics": {
    "rss": 0.03540748709101149,
    "mse": 3.857865231097352e-06,
    "rmse": 0.0018704982081099778,
    "n_observations": 10120.0,
    "n_nonlinear_parameters": 22.0,
    "n_linear_parameters": 920.0,
    "n_total_parameters": 942.0,
    "degrees_of_freedom": 9178.0,
    "aic": -125254.58135392303,
    "bic": -118451.20400976637
  },
  "fitted_parameters": {
    "k1f": 1.3400472349839445,
    "k1r": 0.3054940425258158,
    "k2f": 0.07265254345521452,
    "k2r": 1.3372609124621773,
    "k3f": 0.16758155585350867,
    "k3r": 0.30853814438674876,
    "k4f": 0.4082177068188319,
    "k4r": 0.26476390542454187,
    "k5f": 0.24454988585151774,
    "k5r": 0.45865894204988056,
    "k6f": 0.3719519553841247,
    "k6r": 0.25609143504635684,
    "k7f": 0.24351646256172255,
    "k7r": 0.2452739048846469,
    "k8f": 0.005729102683812708,
    "k8r": 0.2408507448686052,
    "k9f": 0.20523383714695437,
    "k9r": 0.13761601220104805,
    "k10f": 0.4481559763561475,
    "k10r": 0.36449981962613703,
    "k11f": 0.14790798113414688,
    "k11r": 0.49769337002675146
  }
}