time,A23_HN,G45_HN,L78_HN,V90_HN
0.0,-1.1130547252768963e-05,9.721450992650205e-06,-9.356476366684241e-06,-2.244931631256719e-06
1.0,2.005665566739978e-05,-2.4388613115267077e-05,4.443393335651358e-05,4.5622703532810505e-05
2.0,-4.1698494705921796e-05,-7.323887559751441e-07,-3.938635425820847e-05,-9.628154104435183e-05
3.0,1.9500306158382053e-05,1.6796929910634084e-05,-3.431579806939533e-05,4.600494759965379e-05
4.0,5.641169934322843e-05,-7.77822431596853e-06,4.084491899858378e-05,1.6993268590059785e-06
5.0,6.356968392545737e-05,7.107630356217864e-05,3.973650768318571e-06,6.265567928509519e-05
6.0,-4.541632820947994e-05,-3.667797751499835e-05,2.0557229716736125e-05,-5.067629666982709e-05
7.0,-0.00014083733667483167,-8.392392002282145e-05,-9.749187384465452e-05,-0.0001437092491947678
8.0,7.954436175108826e-05,5.590643926067784e-05,7.074076969953991e-05,0.000136929361263749
