time,A23_HN,G45_HN,L78_HN,V90_HN
0.0,2.0999897583535545,1.7000103881206954,0.8499909990711244,3.199999088373754
1.0,1.4406196149649593,1.20547528010567,0.5862442572523203,2.210944960145597
2.0,0.9986574747739957,0.8739986475504717,0.4094602829528733,1.5480024783553539
3.0,0.702418771094691,0.6518162500136498,0.2909653925192368,1.1036449111333588
4.0,0.5038559746425358,0.5028918939811069,0.21154067009921929,0.805801043750679
5.0,0.370763643775075,0.4030711318773527,0.1583040032902468,0.6061627668285898
6.0,0.28155466798307216,0.3361633852625536,0.12262059095796154,0.47234945018576013
7.0,0.2217597726889437,0.2913165336124909,0.09870275213957792,0.38265720580584717
8.0,0.18168032172317422,0.2612564894760087,0.0826710517174398,0.3225380954210594
