time,A23_HN,G45_HN,L78_HN,V90_HN
0.0,2.0999888694527473,1.7000097214509926,0.8499906435236333,3.199997755068369
1.0,1.4406200566556675,1.2054756113868847,0.5862444339333566,2.210945622703533
2.0,0.9986583015052941,0.873999267611244,0.40946061364574177,1.5480037184589557
3.0,0.7024195003061584,0.6518167969299107,0.2909656842019306,1.1036460049475996
4.0,0.5038564116993433,0.502892221775684,0.21154084491899858,0.805801699326859
5.0,0.37076356968392543,0.4030710763035622,0.15830397365076831,0.6061626556792851
6.0,0.28155458367179054,0.336163322022485,0.12262055722971674,0.47234932370333016
7.0,0.22175916266332515,0.29131607607997717,0.09870250812615534,0.3826562907508052
8.0,0.1816795443617511,0.26125590643926067,0.08267074076969955,0.32253692936126377
