data_column,signal_column,scale,offset,rss
A23_HN,A23_HN,1.9997855631656412,0.10020419518791338,3.800434746619104e-08
G45_HN,G45_HN,1.4998619203541483,0.20014846776654713,1.760866755045426e-08
L78_HN,L78_HN,0.7999102354114004,0.050080763659724054,2.1414406421696203e-08
V90_HN,V90_HN,2.999675048456642,0.20032403991711215,5.9506301936269414e-08
