parameter,value
k1f,0.400059214021396
k2f,9.069336686646336
