time,A23_HN,G45_HN,L78_HN,V90_HN
0.0,-1.0241646445585673e-05,1.038812069542594e-05,-9.000928875568803e-06,-9.116262460473479e-07
1.0,1.9614964959169257e-05,-2.471989432994981e-05,4.425725232026778e-05,4.4960145596739665e-05
2.0,-4.252522600434183e-05,-1.3524495282579707e-06,-3.971704712668611e-05,-9.752164464615909e-05
3.0,1.8771094690950285e-05,1.6250013649798944e-05,-3.460748076317133e-05,4.4911133358915833e-05
4.0,5.597464253581652e-05,-8.106018893117017e-06,4.06700992192921e-05,1.0437506789973128e-06
5.0,6.364377507500629e-05,7.113187735269255e-05,4.003290246801239e-06,6.276682858985527e-05
6.0,-4.5332016927857044e-05,-3.6614737446372114e-05,2.059095796154431e-05,-5.054981423985305e-05
7.0,-0.0001402273110562846,-8.34663875091124e-05,-9.724786042207556e-05,-0.00014279419415280659
8.0,8.032172317420927e-05,5.648947600872534e-05,7.105171743979066e-05,0.0001380954210593588
