rss,mse,rmse,n_observations,n_nonlinear_parameters,n_linear_parameters,n_total_parameters,degrees_of_freedom,aic,bic
1.3653372337461093e-07,5.251297052869651e-09,6.158411667851156e-05,36.0,2.0,8.0,10.0,26.0,-678.0476728096639,-662.2124834251028
