data_column,scale,offset,fit_scale,fit_offset,weight,n_observations,rss,rmse
A23_HN,1.9997862498819288,0.10020261957081855,True,True,1.0,9,3.8093673212969615e-08,6.505866857688239e-05
G45_HN,1.4998624354229984,0.20014728602799434,True,True,1.0,9,1.7598354345769318e-08,4.421959639215943e-05
L78_HN,0.7999105101129957,0.050080133410637516,True,True,1.0,9,2.140639594790549e-08,4.8769749216662634e-05
V90_HN,2.999676078595933,0.20032167647243607,True,True,1.0,9,5.9371768328034753e-08,8.12210757596784e-05
