parameter,value
k1f,0.4000603756179944
k2f,8.96808351242913
