time,A,B,C
0.0,1.0,0.0,0.0
1.0,0.6702803547949135,0.030925965781993733,0.2987936794230928
2.0,0.44927585735101544,0.020732632509287474,0.5299915101396971
3.0,0.30114062478972237,0.013896669225804887,0.684962705984473
4.0,0.20184846863126357,0.009314657318287423,0.7888368740504492
5.0,0.13529493471068788,0.006243421825769106,0.8584616434635435
6.0,0.09068567408725774,0.0041848515710192725,0.9051294743417236
7.0,0.060784767921913424,0.002805020801893414,0.9364102112761938
8.0,0.04074281678641561,0.001880149785331714,0.9573770334282533
