{
  "model_name": "order2_combo",
  "success": true,
  "message": "`xtol` termination condition is satisfied.",
  "nfev": 28,
  "rss": 0.03814867705817252,
  "rmse": 0.0019415540477598812,
  "aic": -126307.95539773471,
  "bic": -126033.50917790673,
  "n_observations": 10120,
  "n_parameters": 38,
  "baseline": 1.0001157621911072,
  "scale": 0.03272678466684444,
  "tau_d_ms": 0.23843680507144813,
  "alpha": 0.5836026772305938,
  "fitted_parameters": {
    "k1f": 0.0002560342102632149,
    "k1r": 8.503029220304022e-07,
    "k2f": 2.1879268524720626e-05,
    "k2r": 0.0009646794531371828,
    "k3f": 2.807635170432326e-06,
    "k3r": 40.69345395318917,
    "k4f": 0.016431038524497524,
    "k4r": 0.1487258863114151,
    "k5f": 2.5682614596614766,
    "k5r": 2.8400943925017104e-06,
    "k6f": 13.664980605881762,
    "k6r": 0.016005247152587495,
    "k7f": 20.542028028461687,
    "k7r": 0.0007868087159653084,
    "k8f": 6.407610177735961,
    "k8r": 0.0015649856234963527,
    "k9f": 0.0011701139524786658,
    "k9r": 0.02893479170589992,
    "k10f": 3.942379718712261e-06,
    "k10r": 1.2594773458814723e-05,
    "k11f": 0.00013785727987900584,
    "k11r": 41.265836922482364,
    "k12f": 0.09019757150358544,
    "k12r": 2.9255525801260235e-05,
    "k13f": 6.651054022038578e-07,
    "k13r": 0.007286386193491286,
    "k14f": 0.00047741189337185773,
    "k14r": 0.1665923048354399,
    "k15f": 99.92357979367583,
    "k15r": 0.0016970737869375203,
    "k16f": 0.03688860774477762,
    "k16r": 0.18057249246600426,
    "k17f": 11.208027365515411,
    "k17r": 0.16272769023406755
  },
  "output_dir": "fcs_ode/fits_fcs_surface_numba/models/order2_combo"
}