data_column,signal_column,scale,offset,rss
fcs_amplitude_proxy,fcs_amplitude_proxy,-0.012772026830150296,0.041029924270975675,0.00030915901175497865
