{
  "model_name": "order2_step",
  "success": true,
  "message": "`xtol` termination condition is satisfied.",
  "nfev": 23,
  "statistics": {
    "rss": 504629052556529.0,
    "mse": 11468842103557.477,
    "rmse": 2765121.1068785004,
    "n_observations": 66.0,
    "n_nonlinear_parameters": 16.0,
    "n_linear_parameters": 6.0,
    "n_total_parameters": 22.0,
    "degrees_of_freedom": 44.0,
    "aic": 2001.902538935478,
    "bic": 2050.0749432600596
  },
  "fitted_parameters": {
    "k1f": 0.480208940087579,
    "k1r": 0.4449808314188668,
    "k2f": 0.03731185159070163,
    "k2r": 14.410666679214922,
    "k3f": 0.013982695398157628,
    "k3r": 6.999141046653398e-06,
    "k4f": 0.26984165566142926,
    "k4r": 7.105584834401269,
    "k5f": 2.4061077303835194,
    "k5r": 8.550958465579804,
    "k6f": 1.2822025606822478,
    "k6r": 4.732512773624574,
    "k7f": 11.93670683435169,
    "k7r": 0.05898555462051556,
    "k8f": 9.656202535042217,
    "k8r": 3.525568839432104
  }
}