{
  "model_name": "linear_homo",
  "success": true,
  "message": "`xtol` termination condition is satisfied.",
  "nfev": 17,
  "statistics": {
    "rss": 0.00030873018717589133,
    "mse": 0.00030873018717589133,
    "rmse": 0.003746090005082216,
    "n_observations": 22.0,
    "n_nonlinear_parameters": 32.0,
    "n_linear_parameters": 2.0,
    "n_total_parameters": 34.0,
    "degrees_of_freedom": 1.0,
    "aic": -177.8298765236531,
    "bic": -140.73443310947036
  },
  "fitted_parameters": {
    "k1f": 1.0883439775724297,
    "k1r": 0.08525030891532044,
    "k2f": 0.18247238475193256,
    "k2r": 0.09638799591458619,
    "k3f": 0.5878804913400935,
    "k3r": 0.11687730071598368,
    "k4f": 1.1944710034428563,
    "k4r": 0.09602731433153411,
    "k5f": 0.84582022584157,
    "k5r": 0.11350556824404232,
    "k6f": 1.053844018281252,
    "k6r": 0.2384443495198728,
    "k7f": 0.10861317364164409,
    "k7r": 0.445196968484694,
    "k8f": 0.34874736743531637,
    "k8r": 0.17377275537059378,
    "k9f": 0.12527128320957362,
    "k9r": 0.0997115192003298,
    "k10f": 0.12153190066571491,
    "k10r": 0.20050257473393376,
    "k11f": 0.13261541187254308,
    "k11r": 0.10543998369882221,
    "k12f": 0.0556288926297906,
    "k12r": 1.3148238346016978,
    "k13f": 1.504437811027221,
    "k13r": 0.1007673592658024,
    "k14f": 0.2805808784234038,
    "k14r": 0.10975894117512958,
    "k15f": 0.16666314887558195,
    "k15r": 0.20130731436355637,
    "k16f": 0.15772329236268762,
    "k16r": 0.15881039950340625
  }
}