data_column,signal_column,scale,offset,rss
fcs_amplitude_proxy,fcs_amplitude_proxy,-0.0059131710816817985,0.03417622604058452,0.00030873018717589133
