name,n_timepoints,n_observables,n_repeats,min_seconds,max_seconds,mean_seconds,median_seconds,stdev_seconds,metadata_backend,metadata_vectorized
numpy_loop,50,1000,20,0.012042466005368624,0.01992269800393842,0.012900070001342101,0.01228056100080721,0.0017533132371761369,numpy,False
numpy_vectorized,50,1000,20,6.928000220796093e-05,0.0001764050030033104,8.04139501269674e-05,7.183100024121813e-05,2.413642971780016e-05,numpy,True
