{
  "model_name": "order2_homo",
  "success": true,
  "message": "`xtol` termination condition is satisfied.",
  "nfev": 27,
  "rss": 0.038148265181184124,
  "rmse": 0.001941543566615394,
  "aic": -126332.06466017697,
  "bic": -126144.28566766309,
  "n_observations": 10120,
  "n_parameters": 26,
  "baseline": 1.0001157572725878,
  "scale": 0.03272635510288095,
  "tau_d_ms": 0.23843668986867028,
  "alpha": 0.5836026429063994,
  "fitted_parameters": {
    "k1f": 0.00025594756182722365,
    "k1r": 2.5382735956239358e-08,
    "k2f": 1.0012910623126306e-05,
    "k2r": 0.003190751123778166,
    "k3f": 0.00017073695980442992,
    "k3r": 1.0090921627137747e-08,
    "k4f": 77.94411426316069,
    "k4r": 9.855829459967519e-06,
    "k5f": 7.887350348176932,
    "k5r": 5.21068176723275,
    "k6f": 0.7877746869508628,
    "k6r": 0.07621447802137998,
    "k7f": 0.6816793935020284,
    "k7r": 0.12923763633187654,
    "k8f": 0.00640653411089531,
    "k8r": 0.001363452356934615,
    "k9f": 6.049123625865749e-08,
    "k9r": 3.6552239631826836e-07,
    "k10f": 0.043078197253882296,
    "k10r": 0.001057354095045259,
    "k11f": 0.0026407686249310613,
    "k11r": 0.000492653051940201
  },
  "output_dir": "fcs_ode/fits_fcs_surface_numba/models/order2_homo"
}