{
  "model_name": "order2_combo",
  "success": true,
  "message": "`ftol` termination condition is satisfied.",
  "nfev": 24,
  "statistics": {
    "rss": 0.03540415542318516,
    "mse": 3.862552413613917e-06,
    "rmse": 0.0018704102037666135,
    "n_observations": 10120.0,
    "n_nonlinear_parameters": 34.0,
    "n_linear_parameters": 920.0,
    "n_total_parameters": 954.0,
    "degrees_of_freedom": 9166.0,
    "aic": -125231.53364022032,
    "bic": -118341.48906874958
  },
  "fitted_parameters": {
    "k1f": 1.1088636574782678,
    "k1r": 0.1259036517259422,
    "k2f": 0.08451158587697868,
    "k2r": 1.1708051282454113,
    "k3f": 0.10431146773347721,
    "k3r": 0.23257839696882202,
    "k4f": 0.4258085333511383,
    "k4r": 0.13328477157130436,
    "k5f": 0.3790128111037637,
    "k5r": 0.14416086357378685,
    "k6f": 0.586259306900306,
    "k6r": 0.8413096555818423,
    "k7f": 0.5825685783384348,
    "k7r": 0.09988446682350233,
    "k8f": 0.12203999245235603,
    "k8r": 0.09866416757274532,
    "k9f": 0.3250115062363816,
    "k9r": 0.20417858616637954,
    "k10f": 0.2996963090513804,
    "k10r": 0.16001426721363063,
    "k11f": 0.6276092176594995,
    "k11r": 0.08975235196796216,
    "k12f": 0.17425108937728684,
    "k12r": 0.09139360370004186,
    "k13f": 0.11730279399905705,
    "k13r": 0.09552149418427838,
    "k14f": 0.13427404961019998,
    "k14r": 0.39882947974849486,
    "k15f": 0.14504930530089133,
    "k15r": 0.13682872101999594,
    "k16f": 0.11606217544360607,
    "k16r": 0.2379469311265419,
    "k17f": 0.3039801249788182,
    "k17r": 0.249054290114542
  }
}