{
  "model_name": "linear_step",
  "success": true,
  "message": "Both `ftol` and `xtol` termination conditions are satisfied.",
  "nfev": 36,
  "statistics": {
    "rss": 0.00030831251523090214,
    "mse": 0.00030831251523090214,
    "rmse": 0.0037435551602411684,
    "n_observations": 22.0,
    "n_nonlinear_parameters": 22.0,
    "n_linear_parameters": 2.0,
    "n_total_parameters": 24.0,
    "degrees_of_freedom": 1.0,
    "aic": -197.85965982441107,
    "bic": -171.67464094381148
  },
  "fitted_parameters": {
    "k1f": 1.1195522373371172,
    "k1r": 0.04627575626059316,
    "k2f": 0.30643694593582854,
    "k2r": 0.10933756115520302,
    "k3f": 2.2705070782763213,
    "k3r": 0.20953083625956365,
    "k4f": 0.38239936808751634,
    "k4r": 0.6291181531321325,
    "k5f": 0.2032575379224946,
    "k5r": 0.42128831138555606,
    "k6f": 0.11536967498660028,
    "k6r": 0.45239972587918775,
    "k7f": 0.10756765000435092,
    "k7r": 0.755246840032166,
    "k8f": 0.10273978267517897,
    "k8r": 1.0010942655123607,
    "k9f": 0.10307035956487225,
    "k9r": 1.188479465785215,
    "k10f": 0.11573863624145375,
    "k10r": 1.3014929005683722,
    "k11f": 0.09910568119131993,
    "k11r": 1.3597592120453859
  }
}