data_column,signal_column,scale,offset,rss
fcs_amplitude_proxy,fcs_amplitude_proxy,-0.005403053653816284,0.033721183779646675,0.00030831251523090214
