start_index,k1f,k2f
0,0.1,0.05
1,0.31388589348213763,0.316968060672873
2,6.080679631683518,0.17235282663996454
3,0.03880213881605602,3.734150427255006
4,1.779512910138891e-05,0.01319867905855036
5,0.0012577496556486067,0.0002766494726970484
6,0.00020725569294034323,1.3049106632003657e-05
7,8.438095142167027,6.306311718628963e-05
8,0.10241275952213624,0.0034769290973061975
9,0.04454297981397415,0.0824892406220555
