{
  "model_name": "linear_combo",
  "success": true,
  "message": "`xtol` termination condition is satisfied.",
  "nfev": 19,
  "statistics": {
    "rss": 0.00030806937473266667,
    "mse": 0.00030806937473266667,
    "rmse": 0.003742078753438975,
    "n_observations": 22.0,
    "n_nonlinear_parameters": 72.0,
    "n_linear_parameters": 2.0,
    "n_total_parameters": 74.0,
    "degrees_of_freedom": 1.0,
    "aic": -97.87701624362364,
    "bic": -17.13987469510826
  },
  "fitted_parameters": {
    "k1f": 3.7972641409641468,
    "k1r": 0.10350239498287106,
    "k2f": 0.09136883293534719,
    "k2r": 0.09607566733120654,
    "k3f": 1.1469788158027168,
    "k3r": 0.09691015975117923,
    "k4f": 1.2265063116233954,
    "k4r": 0.10882141921266435,
    "k5f": 0.982003682490405,
    "k5r": 0.11430192472365128,
    "k6f": 0.6877332669520129,
    "k6r": 0.0840951480377427,
    "k7f": 0.3050907429985161,
    "k7r": 0.2812317413719011,
    "k8f": 0.25906947322044477,
    "k8r": 0.11835338228981326,
    "k9f": 0.2162243549575224,
    "k9r": 0.08132255515635702,
    "k10f": 0.1503137116298725,
    "k10r": 0.04675690062082082,
    "k11f": 0.12407950906187673,
    "k11r": 0.13642953793196627,
    "k12f": 0.0372778683820701,
    "k12r": 3.003902852410084,
    "k13f": 1.6712284561594797,
    "k13r": 0.08907838725748984,
    "k14f": 0.10616761711829581,
    "k14r": 0.09530166178585107,
    "k15f": 1.1316702649205224,
    "k15r": 0.5571594444726043,
    "k16f": 0.9077767949667493,
    "k16r": 0.042273983745648135,
    "k17f": 0.7218367416229456,
    "k17r": 0.0004715177106629019,
    "k18f": 0.23570337656378287,
    "k18r": 0.0967024299132725,
    "k19f": 0.5199898518273315,
    "k19r": 0.42907035357060325,
    "k20f": 0.11960061266310498,
    "k20r": 0.11209535424288028,
    "k21f": 0.39239585529582804,
    "k21r": 0.3018374630682662,
    "k22f": 0.2501496810763597,
    "k22r": 0.33294685426720433,
    "k23f": 0.3208053760873367,
    "k23r": 0.09883496223936523,
    "k24f": 0.29995924076171265,
    "k24r": 0.0997268581390781,
    "k25f": 0.17268097928892345,
    "k25r": 0.08926212636649974,
    "k26f": 0.18810287465160072,
    "k26r": 0.09712876178160403,
    "k27f": 0.17981085765061522,
    "k27r": 0.18713783374817836,
    "k28f": 0.18900235632350393,
    "k28r": 0.09715849684169094,
    "k29f": 0.14772366131110268,
    "k29r": 0.1727554205857731,
    "k30f": 0.15451727215936847,
    "k30r": 0.09014024927263775,
    "k31f": 0.16984942439738154,
    "k31r": 0.1502899462191273,
    "k32f": 0.139029502715854,
    "k32r": 0.07604208920447453,
    "k33f": 0.10618687921917437,
    "k33r": 0.09058428264695488,
    "k34f": 0.13264090568575346,
    "k34r": 0.07730117074908421,
    "k35f": 0.11727345304176384,
    "k35r": 0.11410757129057775,
    "k36f": 0.15752898697068604,
    "k36r": 0.037755977509612466
  }
}