bootstrap_index,k1f
0,0.40007716664905246
1,0.4000397794487525
2,0.40007631552115075
3,0.4000640826370453
4,0.40005973491791924
5,0.4000459714571331
6,0.4000919286517556
7,0.4000441727449498
8,0.4000951892262257
9,0.4000489460073636
10,0.4000180935024068
11,0.4000684970487861
12,0.400065789926585
13,0.4000561946727707
14,0.40006120630767406
15,0.40005380442558075
16,0.40006301897043256
17,0.4000826941772783
18,0.400083224179844
19,0.40010258230880535
