parameter,n,mean,std,median,ci_lower,ci_upper,confidence_level
k1f,20,0.40006491963907564,2.0676211962991423e-05,0.4000635508037389,0.400028394326921,0.40009907059458005,0.95
