parameter,n,mean,std,median,ci_lower,ci_upper,confidence_level
k1f,20,0.4000562914697043,2.715271715437216e-05,0.4000552862342234,0.40001682720025106,0.40010128539928286,0.95
